time,voltage,current,stdDev
1378248306,0.5,-4.54003333333e-06,9.52309385418e-07
1378248307,0.5,-3.17911666667e-06,2.16022305304e-07
1378248308,0.5,-2.63451666667e-06,1.2636131946e-07
1378248309,0.5,-2.28293333333e-06,1.08388478272e-07
1378248310,0.5,-2.03493333333e-06,9.75080965299e-08
1378248311,0.5,-1.83136666667e-06,9.87165920986e-08
1378248312,0.5,-1.68065e-06,8.728398574e-08
1378248313,0.5,-1.54901666667e-06,9.01921082406e-08
1378248314,0.5,-1.443e-06,8.33016606477e-08
1378248315,0.5,-1.3596e-06,8.30070679722e-08
1378248316,0.5,-1.28345e-06,8.55785068422e-08
1378248317,0.5,-1.20696666667e-06,8.62204474331e-08
1378248318,0.5,-1.14733333333e-06,8.03060119515e-08
1378248319,0.5,-1.09033333333e-06,7.8276575182e-08
1378248320,0.5,-1.05196666667e-06,7.71597837103e-08
1378248321,0.5,-9.95283333333e-07,7.98905692529e-08
1378248322,0.5,-9.63416666667e-07,8.19598055282e-08
1378248323,0.5,-9.2385e-07,8.20208967276e-08
1378248324,0.5,-8.8895e-07,8.11263263887e-08
1378248325,0.5,-8.55833333333e-07,8.00092008598e-08
1378248326,0.5,-8.257e-07,7.72539750865e-08
1378248327,0.5,-7.95483333333e-07,8.40407622658e-08
1378248328,0.5,-7.7255e-07,8.05703471094e-08
1378248329,0.5,-7.51783333333e-07,8.04636753794e-08
1378248330,0.5,-7.26966666667e-07,8.82957089683e-08
1378248331,0.5,-7.0885e-07,7.89024344787e-08
1378248332,0.5,-6.85383333333e-07,7.89690005987e-08
1378248333,0.5,-6.7455e-07,8.14445465741e-08
1378248334,0.5,-6.50816666667e-07,8.34840287454e-08
1378248335,0.5,-6.32733333333e-07,7.84274328422e-08
1378248336,0.5,-6.20516666667e-07,8.42000577329e-08
1378248337,0.5,-6.01116666667e-07,7.82741105915e-08
1378248338,0.5,-5.93383333333e-07,7.86223233072e-08
1378248339,0.5,-5.78183333333e-07,7.75582558826e-08
1378248340,0.5,-5.63816666667e-07,7.72173321793e-08
1378248341,0.5,-5.50333333333e-07,7.67206331801e-08
1378248342,0.5,-5.33266666667e-07,7.73347413665e-08
1378248343,0.5,-5.3015e-07,8.55554060244e-08
1378248344,0.5,-5.2185e-07,7.69349996209e-08
1378248345,0.5,-5.0575e-07,8.07559337345e-08
1378248346,0.5,-4.99183333333e-07,7.7356855259e-08
1378248347,0.5,-4.87133333333e-07,7.83737767936e-08
1378248348,0.5,-4.74983333333e-07,8.19374744682e-08
1378248349,0.5,-4.68133333333e-07,7.77689883923e-08
1378248350,0.5,-4.63183333333e-07,8.28137451688e-08
1378248351,0.5,-4.49933333333e-07,7.84420947083e-08
1378248352,0.5,-4.415e-07,7.37252783424e-08
1378248353,0.5,-4.384e-07,8.00121240813e-08
1378248354,0.5,-4.37533333333e-07,7.84054561593e-08
1378248355,0.5,-4.20816666667e-07,7.82778154325e-08
1378248356,0.5,-4.149e-07,7.65734288118e-08
1378248357,0.5,-4.11266666667e-07,8.37042146822e-08
1378248358,0.5,-4.0245e-07,7.54447756088e-08
1378248359,0.5,-3.9675e-07,8.57526724559e-08
1378248360,0.5,-3.9055e-07,7.46086288575e-08
1378248361,0.5,-3.83466666667e-07,8.16903639088e-08
1378248362,0.5,-3.75616666667e-07,8.03546496615e-08
1378248363,0.5,-3.73416666667e-07,7.76245862397e-08
1378248364,0.5,-3.647e-07,8.11854461506e-08
1378248365,0.5,-3.65616666667e-07,7.80354816022e-08
1378248366,0.5,-3.5735e-07,7.76523931805e-08
1378248367,0.5,-3.52316666667e-07,8.26622629875e-08
1378248368,0.5,-3.47616666667e-07,8.31759363572e-08
1378248369,0.5,-3.41e-07,8.1003086361e-08
1378248370,0.5,-3.44933333333e-07,7.52395876886e-08
1378248371,0.5,-3.34616666667e-07,7.61912268936e-08
1378248372,0.5,-3.37266666667e-07,7.95960356355e-08
1378248373,0.55,1.60383333333e-06,5.13002084683e-07
1378248374,0.55,8.7005e-07,1.28240324521e-07
1378248375,0.55,6.04866666667e-07,9.12459070619e-08
1378248376,0.55,4.58333333333e-07,8.34379343518e-08
1378248377,0.55,3.559e-07,8.17721835345e-08
1378248378,0.55,2.85133333333e-07,7.7660471856e-08
1378248379,0.55,2.28733333333e-07,7.88314376093e-08
1378248380,0.55,1.83516666667e-07,7.9906506132e-08
1378248381,0.55,1.45483333333e-07,8.22213459037e-08
1378248382,0.55,1.14583333333e-07,8.06127143956e-08
1378248383,0.55,9.47666666667e-08,8.19630743418e-08
1378248384,0.55,6.78166666667e-08,8.08052167595e-08
1378248385,0.55,5.23666666667e-08,8.30676364309e-08
1378248386,0.55,3.74666666667e-08,8.03922605451e-08
1378248387,0.55,2.23e-08,7.88978875932e-08
1378248388,0.55,9.55e-09,8.32298874604e-08
1378248389,0.55,-6.83333333333e-10,7.86772927145e-08
1378248390,0.55,-8.86666666667e-09,8.2471503496e-08
1378248391,0.55,-1.27166666667e-08,8.21859865725e-08
1378248392,0.55,-2.59833333333e-08,7.90513528593e-08
1378248393,0.55,-3.24666666667e-08,7.78775677301e-08
1378248394,0.55,-3.38166666667e-08,8.22993502742e-08
1378248395,0.55,-4.19e-08,7.85868309579e-08
1378248396,0.55,-4.86333333333e-08,7.6275589513e-08
1378248397,0.55,-4.765e-08,8.53642831243e-08
1378248398,0.55,-5.195e-08,7.67079798109e-08
1378248399,0.55,-5.41e-08,8.08250579956e-08
1378248400,0.55,-5.48333333333e-08,8.23608253696e-08
1378248401,0.55,-6.14333333333e-08,7.81608100151e-08
1378248402,0.55,-6.01333333333e-08,8.15116487926e-08
1378248403,0.55,-6.555e-08,7.91893143044e-08
1378248404,0.55,-6.76e-08,8.6059514291e-08
1378248405,0.55,-6.695e-08,7.7625903108e-08
1378248406,0.55,-7.14666666667e-08,8.43080594539e-08
1378248407,0.55,-7.13e-08,8.35961123498e-08
1378248408,0.55,-7.16833333333e-08,8.07821126378e-08
1378248409,0.55,-7.73333333333e-08,7.48502208117e-08
1378248410,0.55,-7.575e-08,8.29519188044e-08
1378248411,0.55,-7.62833333333e-08,7.78573678095e-08
1378248412,0.55,-7.39833333333e-08,8.52939020225e-08
1378248413,0.55,-7.75e-08,8.16807810932e-08
1378248414,0.55,-7.60833333333e-08,8.18997948037e-08
1378248415,0.55,-8.16666666667e-08,8.00086800847e-08
1378248416,0.55,-8.08333333333e-08,7.97295776707e-08
1378248417,0.55,-7.85e-08,8.45512664995e-08
1378248418,0.55,-8.07333333333e-08,8.13713435772e-08
1378248419,0.55,-8.03166666667e-08,7.93934278696e-08
1378248420,0.55,-7.55833333333e-08,7.89836041354e-08
1378248421,0.55,-7.85833333333e-08,8.01284992302e-08
1378248422,0.55,-8.25e-08,8.15674567459e-08
1378248423,0.55,-8.09333333333e-08,8.44410774183e-08
1378248424,0.55,-8.21e-08,8.25929173719e-08
1378248425,0.55,-8.29833333333e-08,7.79445297774e-08
1378248426,0.55,-8.565e-08,7.93830009091e-08
1378248427,0.55,-8.24166666667e-08,8.47156600373e-08
1378248428,0.55,-8.73166666667e-08,8.1800874418e-08
1378248429,0.55,-7.85833333333e-08,8.17276557979e-08
1378248430,0.55,-8.19e-08,8.36892466211e-08
1378248431,0.55,-7.91666666667e-08,8.50321834497e-08
1378248432,0.55,-8.39833333333e-08,7.66532216472e-08
1378248433,0.55,-8.10333333333e-08,8.03685192653e-08
1378248434,0.55,-7.86666666667e-08,8.4607262625e-08
1378248435,0.55,-7.68166666667e-08,8.45228749445e-08
1378248436,0.55,-8.08833333333e-08,8.06988417238e-08
1378248437,0.55,-8.37666666667e-08,8.04330708657e-08
1378248438,0.6,1.93606666667e-06,5.4115157663e-07
1378248439,0.6,1.19176666667e-06,1.36194268928e-07
1378248440,0.6,9.04366666667e-07,9.84730025044e-08
1378248441,0.6,7.4325e-07,8.8687771611e-08
1378248442,0.6,6.304e-07,8.8989737236e-08
1378248443,0.6,5.5295e-07,8.9997486076e-08
1378248444,0.6,4.88966666667e-07,8.4679388808e-08
1378248445,0.6,4.32933333333e-07,8.37340764298e-08
1378248446,0.6,3.994e-07,8.39115009996e-08
1378248447,0.6,3.63833333333e-07,8.97569248334e-08
1378248448,0.6,3.284e-07,8.15573826619e-08
1378248449,0.6,2.98983333333e-07,8.89703118399e-08
1378248450,0.6,2.74516666667e-07,8.36551436288e-08
1378248451,0.6,2.55633333333e-07,8.86261749648e-08
1378248452,0.6,2.37933333333e-07,8.34050091754e-08
1378248453,0.6,2.18716666667e-07,8.32041849241e-08
1378248454,0.6,2.06583333333e-07,8.74675733566e-08
1378248455,0.6,1.903e-07,9.03432897342e-08
1378248456,0.6,1.78233333333e-07,8.60883977213e-08
1378248457,0.6,1.6195e-07,8.41146885706e-08
1378248458,0.6,1.49516666667e-07,8.40219200897e-08
1378248459,0.6,1.40566666667e-07,8.74128836169e-08
1378248460,0.6,1.322e-07,9.23164485163e-08
1378248461,0.6,1.29316666667e-07,9.07181517424e-08
1378248462,0.6,1.18216666667e-07,8.75332492383e-08
1378248463,0.6,1.12366666667e-07,8.77718570436e-08
1378248464,0.6,1.05733333333e-07,8.74669207313e-08
1378248465,0.6,1.03966666667e-07,8.42472485538e-08
1378248466,0.6,1.00216666667e-07,8.62285899353e-08
1378248467,0.6,8.965e-08,8.595906487e-08
1378248468,0.6,8.28833333333e-08,8.3246239488e-08
1378248469,0.6,8.065e-08,8.79611325151e-08
1378248470,0.6,7.865e-08,8.82822792713e-08
1378248471,0.6,7.22e-08,8.00884511025e-08
1378248472,0.6,6.93833333333e-08,7.97153460062e-08
1378248473,0.6,6.59833333333e-08,8.95299748067e-08
1378248474,0.6,5.78333333333e-08,8.9834879393e-08
1378248475,0.6,5.70166666667e-08,8.76290461104e-08
1378248476,0.6,5.44333333333e-08,8.56388476232e-08
1378248477,0.6,4.89166666667e-08,8.7362709754e-08
1378248478,0.6,5.14666666667e-08,8.74977079065e-08
1378248479,0.6,4.60166666667e-08,8.27730817087e-08
1378248480,0.6,4.63e-08,8.35332867784e-08
1378248481,0.6,4.59e-08,8.1929990439e-08
1378248482,0.6,3.72166666667e-08,8.84411464698e-08
1378248483,0.6,3.94666666667e-08,8.8710477898e-08
1378248484,0.6,3.78e-08,8.92159925873e-08
1378248485,0.6,3.06666666667e-08,8.98075102031e-08
1378248486,0.6,3.35333333333e-08,8.54274481001e-08
1378248487,0.6,3.11666666667e-08,8.68972893069e-08
1378248488,0.6,3.07166666667e-08,8.43972929397e-08
1378248489,0.6,2.79833333333e-08,8.62284739644e-08
1378248490,0.6,2.57166666667e-08,8.89694875911e-08
1378248491,0.6,2.555e-08,8.46666847113e-08
1378248492,0.6,2.18833333333e-08,8.68084273303e-08
1378248493,0.6,2.47166666667e-08,8.71846874297e-08
1378248494,0.6,2.475e-08,8.54021125812e-08
1378248495,0.6,2.51666666667e-08,8.27514686006e-08
1378248496,0.6,2.23333333333e-08,8.20003387527e-08
1378248497,0.6,1.69166666667e-08,8.49651480837e-08
1378248498,0.6,2.00833333333e-08,8.85150254037e-08
1378248499,0.6,1.91166666667e-08,8.49242979888e-08
1378248500,0.6,1.43e-08,8.5409855013e-08
1378248501,0.6,1.45333333333e-08,8.25738995621e-08
1378248502,0.6,1.17666666667e-08,8.45865171815e-08
1378248503,0.65,2.26588333333e-06,5.90542944859e-07
1378248504,0.65,1.43165e-06,1.32815765254e-07
1378248505,0.65,1.11158333333e-06,9.54292568113e-08
1378248506,0.65,9.4325e-07,9.40984635014e-08
1378248507,0.65,8.18533333333e-07,8.77877111116e-08
1378248508,0.65,7.1835e-07,9.4086985462e-08
1378248509,0.65,6.50666666667e-07,8.99345440986e-08
1378248510,0.65,5.9655e-07,8.62864270902e-08
1378248511,0.65,5.52516666667e-07,8.25676473498e-08
1378248512,0.65,5.13366666667e-07,8.76375046554e-08
1378248513,0.65,4.75233333333e-07,8.67320330418e-08
1378248514,0.65,4.43766666667e-07,8.89015122981e-08
1378248515,0.65,4.20083333333e-07,9.33474319709e-08
1378248516,0.65,3.94216666667e-07,8.69653363256e-08
1378248517,0.65,3.69733333333e-07,9.01346893389e-08
1378248518,0.65,3.5605e-07,8.55958380998e-08
1378248519,0.65,3.375e-07,8.92015508086e-08
1378248520,0.65,3.2245e-07,8.7250105062e-08
1378248521,0.65,3.04766666667e-07,8.97549193947e-08
1378248522,0.65,2.86166666667e-07,9.07660301116e-08
1378248523,0.65,2.78116666667e-07,9.73663343028e-08
1378248524,0.65,2.69333333333e-07,8.89413039906e-08
1378248525,0.65,2.506e-07,8.76791879524e-08
1378248526,0.65,2.42266666667e-07,9.40595319761e-08
1378248527,0.65,2.34466666667e-07,8.73177085259e-08
1378248528,0.65,2.246e-07,8.61607412534e-08
1378248529,0.65,2.1055e-07,8.67176308486e-08
1378248530,0.65,2.05816666667e-07,8.53731986958e-08
1378248531,0.65,1.96733333333e-07,8.57496096525e-08
1378248532,0.65,1.91433333333e-07,8.65011303715e-08
1378248533,0.65,1.8325e-07,8.77165178287e-08
1378248534,0.65,1.77633333333e-07,8.94756888148e-08
1378248535,0.65,1.693e-07,8.47241209259e-08
1378248536,0.65,1.7085e-07,8.21230428483e-08
1378248537,0.65,1.61633333333e-07,8.76451114185e-08
1378248538,0.65,1.52733333333e-07,8.50717083145e-08
1378248539,0.65,1.48166666667e-07,8.62233855878e-08
1378248540,0.65,1.44433333333e-07,8.66516717797e-08
1378248541,0.65,1.4495e-07,8.98985400326e-08
1378248542,0.65,1.38633333333e-07,8.28560934526e-08
1378248543,0.65,1.364e-07,8.34288519239e-08
1378248544,0.65,1.37333333333e-07,8.15989515183e-08
1378248545,0.65,1.26666666667e-07,9.02915032301e-08
1378248546,0.65,1.304e-07,8.30592559562e-08
1378248547,0.65,1.24133333333e-07,8.35468863706e-08
1378248548,0.65,1.20016666667e-07,8.64103565681e-08
1378248549,0.65,1.18816666667e-07,9.06348887325e-08
1378248550,0.65,1.07366666667e-07,8.28667538214e-08
1378248551,0.65,1.07666666667e-07,8.91387806862e-08
1378248552,0.65,1.1e-07,8.19766226839e-08
1378248553,0.65,1.03383333333e-07,8.70007838407e-08
1378248554,0.65,1.028e-07,8.95823271261e-08
1378248555,0.65,9.29166666667e-08,8.68124975002e-08
1378248556,0.65,1.01833333333e-07,8.84428566301e-08
1378248557,0.65,9.48166666667e-08,8.44869796017e-08
1378248558,0.65,8.88666666667e-08,9.38254525998e-08
1378248559,0.65,8.93833333333e-08,8.68065073726e-08
1378248560,0.65,8.58833333333e-08,8.75212529745e-08
1378248561,0.65,8.76e-08,8.78582570584e-08
1378248562,0.65,8.56833333333e-08,8.76286657182e-08
1378248563,0.65,8.31666666667e-08,9.00081786407e-08
1378248564,0.65,8.01166666667e-08,8.34879415777e-08
1378248565,0.65,8.025e-08,8.95489856633e-08
1378248566,0.65,7.405e-08,8.5703058094e-08
1378248567,0.65,7.665e-08,8.66469512832e-08
1378248568,0.7,2.40301666667e-06,6.46901962991e-07
1378248569,0.7,1.55523333333e-06,1.46469378673e-07
1378248570,0.7,1.22601666667e-06,1.07534721783e-07
1378248571,0.7,1.0194e-06,9.77776729797e-08
1378248572,0.7,8.90666666667e-07,8.97118845094e-08
1378248573,0.7,8.06116666667e-07,9.64149178752e-08
1378248574,0.7,7.339e-07,8.73648861576e-08
1378248575,0.7,6.6765e-07,8.67000240292e-08
1378248576,0.7,6.14633333333e-07,9.12726623305e-08
1378248577,0.7,5.785e-07,9.05966334915e-08
1378248578,0.7,5.46283333333e-07,8.7847043522e-08
1378248579,0.7,5.13433333333e-07,9.03357379754e-08
1378248580,0.7,4.83466666667e-07,9.19564147965e-08
1378248581,0.7,4.66083333333e-07,8.79578102779e-08
1378248582,0.7,4.38666666667e-07,9.26015958586e-08
1378248583,0.7,4.17433333333e-07,9.38584691023e-08
1378248584,0.7,4.011e-07,9.20504752839e-08
1378248585,0.7,3.83016666667e-07,8.90233099936e-08
1378248586,0.7,3.6785e-07,8.95951682105e-08
1378248587,0.7,3.49416666667e-07,8.18641744327e-08
1378248588,0.7,3.42666666667e-07,8.94066863023e-08
1378248589,0.7,3.25866666667e-07,9.63228021925e-08
1378248590,0.7,3.16233333333e-07,8.94630960539e-08
1378248591,0.7,3.04933333333e-07,8.76298782126e-08
1378248592,0.7,2.86983333333e-07,9.06870978818e-08
1378248593,0.7,2.85116666667e-07,9.03358717356e-08
1378248594,0.7,2.72483333333e-07,9.18998534033e-08
1378248595,0.7,2.61466666667e-07,8.50510565615e-08
1378248596,0.7,2.59616666667e-07,8.48092156287e-08
1378248597,0.7,2.48883333333e-07,9.02395130872e-08
1378248598,0.7,2.461e-07,8.92269951678e-08
1378248599,0.7,2.34766666667e-07,9.51854972613e-08
1378248600,0.7,2.2645e-07,9.59173993601e-08
1378248601,0.7,2.216e-07,9.68216917844e-08
1378248602,0.7,2.1555e-07,9.11296558024e-08
1378248603,0.7,2.0615e-07,9.51740204398e-08
1378248604,0.7,2.0735e-07,8.59654630263e-08
1378248605,0.7,2.03783333333e-07,8.61409874695e-08
1378248606,0.7,1.96233333333e-07,9.10273524216e-08
1378248607,0.7,1.83883333333e-07,8.61123474822e-08
1378248608,0.7,1.81916666667e-07,8.67884961015e-08
1378248609,0.7,1.83933333333e-07,9.02110242093e-08
1378248610,0.7,1.75716666667e-07,9.23637901032e-08
1378248611,0.7,1.72266666667e-07,9.43337809177e-08
1378248612,0.7,1.67333333333e-07,9.19604383538e-08
1378248613,0.7,1.661e-07,8.87569152235e-08
1378248614,0.7,1.625e-07,8.68346129144e-08
1378248615,0.7,1.60133333333e-07,8.93083547168e-08
1378248616,0.7,1.59916666667e-07,8.94170549852e-08
1378248617,0.7,1.53716666667e-07,9.03849345239e-08
1378248618,0.7,1.49783333333e-07,9.15962320307e-08
1378248619,0.7,1.46666666667e-07,8.83009374557e-08
1378248620,0.7,1.445e-07,8.7144994119e-08
1378248621,0.7,1.45566666667e-07,9.0581522521e-08
1378248622,0.7,1.4115e-07,8.88899741253e-08
1378248623,0.7,1.32433333333e-07,8.76674334567e-08
1378248624,0.7,1.31366666667e-07,9.06529952928e-08
1378248625,0.7,1.32066666667e-07,8.76920495573e-08
1378248626,0.7,1.24766666667e-07,8.83870968461e-08
1378248627,0.7,1.23283333333e-07,9.32503961862e-08
1378248628,0.7,1.24033333333e-07,8.38564182928e-08
1378248629,0.7,1.235e-07,8.54444263835e-08
1378248630,0.7,1.223e-07,8.90872793014e-08
1378248631,0.7,1.24216666667e-07,8.70275993898e-08
1378248632,0.7,1.174e-07,9.10159692948e-08
1378248633,0.75,2.39975e-06,5.84818508172e-07
1378248634,0.75,1.5469e-06,1.46098904856e-07
1378248635,0.75,1.23968333333e-06,1.03037936649e-07
1378248636,0.75,1.04198333333e-06,9.70196701133e-08
1378248637,0.75,9.1785e-07,9.4574278568e-08
1378248638,0.75,8.22133333333e-07,9.86776683056e-08
1378248639,0.75,7.524e-07,9.84567925539e-08
1378248640,0.75,7.00683333333e-07,9.00820906482e-08
1378248641,0.75,6.4285e-07,8.89154701575e-08
1378248642,0.75,6.09333333333e-07,9.10534031337e-08
1378248643,0.75,5.80183333333e-07,8.81875825852e-08
1378248644,0.75,5.52333333333e-07,8.6771090936e-08
1378248645,0.75,5.27666666667e-07,9.19142112093e-08
1378248646,0.75,5.03316666667e-07,9.04207741003e-08
1378248647,0.75,4.74233333333e-07,8.45817881632e-08
1378248648,0.75,4.61233333333e-07,8.89708504074e-08
1378248649,0.75,4.41616666667e-07,9.33816705188e-08
1378248650,0.75,4.27616666667e-07,9.41500737593e-08
1378248651,0.75,4.11716666667e-07,9.1215695226e-08
1378248652,0.75,3.99016666667e-07,8.99904609142e-08
1378248653,0.75,3.8735e-07,8.93573024436e-08
1378248654,0.75,3.7315e-07,9.16696651025e-08
1378248655,0.75,3.57733333333e-07,8.78181580819e-08
1378248656,0.75,3.56366666667e-07,9.16958680761e-08
1378248657,0.75,3.427e-07,9.33133252364e-08
1378248658,0.75,3.319e-07,9.0040120687e-08
1378248659,0.75,3.161e-07,9.60743982547e-08
1378248660,0.75,3.12766666667e-07,9.04728995642e-08
1378248661,0.75,3.0075e-07,8.71561099407e-08
1378248662,0.75,2.97766666667e-07,8.92095597767e-08
1378248663,0.75,2.97233333333e-07,8.82912541283e-08
1378248664,0.75,2.89516666667e-07,8.57672221125e-08
1378248665,0.75,2.803e-07,8.83567201745e-08
1378248666,0.75,2.6835e-07,8.83196514561e-08
1378248667,0.75,2.642e-07,9.11291757159e-08
1378248668,0.75,2.585e-07,9.12628986317e-08
1378248669,0.75,2.573e-07,8.6076768062e-08
1378248670,0.75,2.43783333333e-07,9.39375841834e-08
1378248671,0.75,2.44033333333e-07,8.7164015256e-08
1378248672,0.75,2.377e-07,8.92825664207e-08
1378248673,0.75,2.315e-07,9.23701791706e-08
1378248674,0.75,2.33883333333e-07,9.91581382887e-08
1378248675,0.75,2.28016666667e-07,8.76288559145e-08
1378248676,0.75,2.19616666667e-07,9.06850027415e-08
1378248677,0.75,2.20133333333e-07,8.96501471772e-08
1378248678,0.75,2.11283333333e-07,9.33386471702e-08
1378248679,0.75,2.1505e-07,9.40872688873e-08
1378248680,0.75,2.07966666667e-07,9.15752817207e-08
1378248681,0.75,2.02e-07,8.93355099237e-08
1378248682,0.75,2.0485e-07,9.0064203951e-08
1378248683,0.75,2.01883333333e-07,9.04997406381e-08
1378248684,0.75,1.96883333333e-07,8.82838399079e-08
1378248685,0.75,1.935e-07,9.06867318483e-08
1378248686,0.75,1.85616666667e-07,9.05568130451e-08
1378248687,0.75,1.90816666667e-07,8.99254305275e-08
1378248688,0.75,1.8455e-07,8.93684181726e-08
1378248689,0.75,1.82633333333e-07,8.7114286365e-08
1378248690,0.75,1.8095e-07,9.33247778817e-08
1378248691,0.75,1.746e-07,9.22551172926e-08
1378248692,0.75,1.76933333333e-07,8.96702973243e-08
1378248693,0.75,1.72166666667e-07,8.67168124158e-08
1378248694,0.75,1.68033333333e-07,8.97587445446e-08
1378248695,0.75,1.703e-07,9.26781707487e-08
1378248696,0.75,1.66283333333e-07,9.50873443501e-08
1378248697,0.75,1.676e-07,8.74599336839e-08
1378248698,0.8,2.58445e-06,6.91494358256e-07
1378248699,0.8,1.67005e-06,1.45638527984e-07
1378248700,0.8,1.3266e-06,1.03611164135e-07
1378248701,0.8,1.12845e-06,9.79047879319e-08
1378248702,0.8,1.00506666667e-06,9.09670025644e-08
1378248703,0.8,9.01183333333e-07,9.80604391293e-08
1378248704,0.8,8.281e-07,9.3506096058e-08
1378248705,0.8,7.79116666667e-07,9.32780952612e-08
1378248706,0.8,7.322e-07,9.22568515974e-08
1378248707,0.8,7.0365e-07,9.51381145143e-08
1378248708,0.8,6.68816666667e-07,8.94530587639e-08
1378248709,0.8,6.33783333333e-07,9.28561776201e-08
1378248710,0.8,6.1585e-07,8.950434347e-08
1378248711,0.8,5.89633333333e-07,9.68195859432e-08
1378248712,0.8,5.6565e-07,9.07808395716e-08
1378248713,0.8,5.4755e-07,9.75016965664e-08
1378248714,0.8,5.41733333333e-07,9.1922044267e-08
1378248715,0.8,5.24566666667e-07,9.31896572707e-08
1378248716,0.8,5.037e-07,8.89052491889e-08
1378248717,0.8,4.9e-07,9.10311302065e-08
1378248718,0.8,4.8035e-07,9.29433205418e-08
1378248719,0.8,4.68416666667e-07,8.53477770979e-08
1378248720,0.8,4.51366666667e-07,9.31072798204e-08
1378248721,0.8,4.468e-07,9.31231800717e-08
1378248722,0.8,4.39316666667e-07,9.04541304873e-08
1378248723,0.8,4.368e-07,9.41962136536e-08
1378248724,0.8,4.23816666667e-07,9.31862814772e-08
1378248725,0.8,4.12016666667e-07,9.30905458262e-08
1378248726,0.8,4.127e-07,8.7005995962e-08
1378248727,0.8,3.96633333333e-07,9.36811910447e-08
1378248728,0.8,3.9255e-07,8.96469789415e-08
1378248729,0.8,3.88983333333e-07,9.03901712331e-08
1378248730,0.8,3.76966666667e-07,9.0050720276e-08
1378248731,0.8,3.725e-07,9.39232842981e-08
1378248732,0.8,3.66516666667e-07,9.15912098524e-08
1378248733,0.8,3.67016666667e-07,9.57715148442e-08
1378248734,0.8,3.60733333333e-07,8.52963200978e-08
1378248735,0.8,3.48216666667e-07,9.38513171044e-08
1378248736,0.8,3.497e-07,9.0735384498e-08
1378248737,0.8,3.485e-07,8.74752345905e-08
1378248738,0.8,3.44433333333e-07,9.2781170264e-08
1378248739,0.8,3.3875e-07,9.41975981647e-08
1378248740,0.8,3.29333333333e-07,8.926769977e-08
1378248741,0.8,3.24266666667e-07,9.26433783686e-08
1378248742,0.8,3.28083333333e-07,8.94151910409e-08
1378248743,0.8,3.13183333333e-07,9.22258986884e-08
1378248744,0.8,3.155e-07,9.01050313061e-08
1378248745,0.8,3.083e-07,9.87358935072e-08
1378248746,0.8,3.09633333333e-07,9.25924702962e-08
1378248747,0.8,2.99783333333e-07,8.78409721536e-08
1378248748,0.8,3.0615e-07,9.16874809702e-08
1378248749,0.8,2.9955e-07,8.68900502551e-08
1378248750,0.8,2.947e-07,8.38266664016e-08
1378248751,0.8,2.92216666667e-07,9.01480433632e-08
1378248752,0.8,2.86783333333e-07,9.75964636768e-08
1378248753,0.8,2.91966666667e-07,9.24966606004e-08
1378248754,0.8,2.875e-07,9.13267941698e-08
1378248755,0.8,2.81366666667e-07,9.9571409328e-08
1378248756,0.8,2.8105e-07,9.24336563884e-08
1378248757,0.8,2.79733333333e-07,9.11743506817e-08
1378248758,0.8,2.76583333333e-07,9.04953574623e-08
1378248759,0.8,2.71466666667e-07,9.34300927016e-08
1378248760,0.8,2.69e-07,9.41364258227e-08
1378248761,0.8,2.60616666667e-07,8.97758489548e-08
1378248762,0.8,2.61116666667e-07,9.01729988534e-08
1378248763,0.85,2.8165e-06,6.92803182729e-07
1378248764,0.85,1.87753333333e-06,1.46069329049e-07
1378248765,0.85,1.5354e-06,1.09908325435e-07
1378248766,0.85,1.33763333333e-06,9.91080162696e-08
1378248767,0.85,1.20756666667e-06,9.58127282196e-08
1378248768,0.85,1.1045e-06,8.75999429224e-08
1378248769,0.85,1.03e-06,9.56747964025e-08
1378248770,0.85,9.83633333333e-07,9.26919569806e-08
1378248771,0.85,9.40633333333e-07,9.60950860115e-08
1378248772,0.85,9.01966666667e-07,9.52967237399e-08
1378248773,0.85,8.6225e-07,9.27569629013e-08
1378248774,0.85,8.36933333333e-07,1.00287564312e-07
1378248775,0.85,8.1535e-07,9.22837697901e-08
1378248776,0.85,7.9615e-07,8.87097937096e-08
1378248777,0.85,7.7725e-07,8.81968678582e-08
1378248778,0.85,7.61883333333e-07,9.25033497892e-08
1378248779,0.85,7.464e-07,9.51036627405e-08
1378248780,0.85,7.33733333333e-07,8.66663846149e-08
1378248781,0.85,7.14483333333e-07,8.68896794153e-08
1378248782,0.85,7.07533333333e-07,9.12957586942e-08
1378248783,0.85,7.01366666667e-07,9.88102502555e-08
1378248784,0.85,6.95983333333e-07,9.16894199034e-08
1378248785,0.85,6.80816666667e-07,9.56447405187e-08
1378248786,0.85,6.75166666667e-07,9.26461308181e-08
1378248787,0.85,6.726e-07,9.5821396358e-08
1378248788,0.85,6.565e-07,9.33072880326e-08
1378248789,0.85,6.52416666667e-07,9.70227278643e-08
1378248790,0.85,6.46916666667e-07,9.4766782448e-08
1378248791,0.85,6.37216666667e-07,9.3834089695e-08
1378248792,0.85,6.33983333333e-07,9.58508375318e-08
1378248793,0.85,6.27416666667e-07,1.0031903968e-07
1378248794,0.85,6.27766666667e-07,9.51411874824e-08
1378248795,0.85,6.228e-07,8.98303586397e-08
1378248796,0.85,6.17966666667e-07,9.3834245111e-08
1378248797,0.85,6.114e-07,9.18860163463e-08
1378248798,0.85,6.11333333333e-07,9.22671242763e-08
1378248799,0.85,6.03283333333e-07,9.18883546605e-08
1378248800,0.85,6.01366666667e-07,9.82681648461e-08
1378248801,0.85,5.973e-07,8.94532093704e-08
1378248802,0.85,6.0055e-07,9.63030676216e-08
1378248803,0.85,5.89916666667e-07,9.02011255781e-08
1378248804,0.85,5.86666666667e-07,9.60219882226e-08
1378248805,0.85,5.82583333333e-07,9.39347808618e-08
1378248806,0.85,5.8085e-07,9.64150446421e-08
1378248807,0.85,5.75266666667e-07,9.13980062997e-08
1378248808,0.85,5.72133333333e-07,8.75696801918e-08
1378248809,0.85,5.69e-07,9.27128182436e-08
1378248810,0.85,5.65533333333e-07,9.23663839765e-08
1378248811,0.85,5.68183333333e-07,8.92652399064e-08
1378248812,0.85,5.63883333333e-07,9.25689097676e-08
1378248813,0.85,5.69266666667e-07,9.34101826474e-08
1378248814,0.85,5.54183333333e-07,9.19605878745e-08
1378248815,0.85,5.59033333333e-07,9.20365808916e-08
1378248816,0.85,5.56583333333e-07,9.08060738913e-08
1378248817,0.85,5.506e-07,8.975971628e-08
1378248818,0.85,5.54433333333e-07,9.1120866009e-08
1378248819,0.85,5.47933333333e-07,9.43931259267e-08
1378248820,0.85,5.47233333333e-07,8.83742735315e-08
1378248821,0.85,5.46633333333e-07,9.48024202692e-08
1378248822,0.85,5.47666666667e-07,9.1005799571e-08
1378248823,0.85,5.38266666667e-07,9.16423967871e-08
1378248824,0.85,5.4535e-07,8.8377754554e-08
1378248825,0.85,5.36183333333e-07,9.2096958268e-08
1378248826,0.85,5.38733333333e-07,9.42703323191e-08
1378248827,0.85,5.38916666667e-07,9.06729087925e-08
1378248828,0.9,3.11615e-06,6.42694661173e-07
1378248829,0.9,2.25136666667e-06,1.38418323289e-07
1378248830,0.9,1.95806666667e-06,1.1453207217e-07
1378248831,0.9,1.76005e-06,9.70090073138e-08
1378248832,0.9,1.63415e-06,9.47207870533e-08
1378248833,0.9,1.55368333333e-06,9.35424131373e-08
1378248834,0.9,1.48291666667e-06,9.56786795594e-08
1378248835,0.9,1.43846666667e-06,8.74946601545e-08
1378248836,0.9,1.38571666667e-06,9.79323051342e-08
1378248837,0.9,1.35336666667e-06,9.37736577557e-08
1378248838,0.9,1.32153333333e-06,9.64148098352e-08
1378248839,0.9,1.30671666667e-06,9.60935467252e-08
1378248840,0.9,1.27795e-06,9.36787818381e-08
1378248841,0.9,1.26486666667e-06,8.9979528536e-08
1378248842,0.9,1.25085e-06,8.99000973303e-08
1378248843,0.9,1.23175e-06,9.12643824282e-08
1378248844,0.9,1.21458333333e-06,8.65673710021e-08
1378248845,0.9,1.21243333333e-06,8.42075544249e-08
1378248846,0.9,1.21138333333e-06,9.13290920548e-08
1378248847,0.9,1.19586666667e-06,9.232054063e-08
1378248848,0.9,1.18708333333e-06,9.04677275177e-08
1378248849,0.9,1.17933333333e-06,9.25331772333e-08
1378248850,0.9,1.16723333333e-06,9.25095250351e-08
1378248851,0.9,1.16483333333e-06,9.75088315089e-08
1378248852,0.9,1.16446666667e-06,8.97016288716e-08
1378248853,0.9,1.15235e-06,8.80533597693e-08
1378248854,0.9,1.14438333333e-06,9.25843924332e-08
1378248855,0.9,1.14011666667e-06,9.59526083833e-08
1378248856,0.9,1.14245e-06,9.64282850966e-08
1378248857,0.9,1.12828333333e-06,9.32289460891e-08
1378248858,0.9,1.13258333333e-06,9.36860522644e-08
1378248859,0.9,1.12768333333e-06,9.37677079572e-08
1378248860,0.9,1.12595e-06,9.37746278763e-08
1378248861,0.9,1.12016666667e-06,9.36943909148e-08
1378248862,0.9,1.1089e-06,9.27979346035e-08
1378248863,0.9,1.11183333333e-06,8.79287906332e-08
1378248864,0.9,1.10758333333e-06,9.25576021849e-08
1378248865,0.9,1.09795e-06,9.30136952282e-08
1378248866,0.9,1.09273333333e-06,9.33328928561e-08
1378248867,0.9,1.10355e-06,9.12477259991e-08
1378248868,0.9,1.0956e-06,9.17595045032e-08
1378248869,0.9,1.09033333333e-06,9.64877654881e-08
1378248870,0.9,1.08828333333e-06,9.13316468822e-08
1378248871,0.9,1.08728333333e-06,8.86747035831e-08
1378248872,0.9,1.08196666667e-06,9.11178662807e-08
1378248873,0.9,1.08213333333e-06,9.63774639403e-08
1378248874,0.9,1.08091666667e-06,8.55662105559e-08
1378248875,0.9,1.07696666667e-06,9.29818919049e-08
1378248876,0.9,1.07811666667e-06,8.98667702151e-08
1378248877,0.9,1.07328333333e-06,8.87748259487e-08
1378248878,0.9,1.07015e-06,9.19006392796e-08
1378248879,0.9,1.065e-06,8.82883533278e-08
1378248880,0.9,1.06708333333e-06,8.65490788833e-08
1378248881,0.9,1.06741666667e-06,9.13532140771e-08
1378248882,0.9,1.06141666667e-06,9.3921472814e-08
1378248883,0.9,1.05565e-06,9.10301827235e-08
1378248884,0.9,1.055e-06,9.0009258783e-08
1378248885,0.9,1.06213333333e-06,9.88059489887e-08
1378248886,0.9,1.05096666667e-06,9.06406764219e-08
1378248887,0.9,1.0502e-06,9.24668949769e-08
1378248888,0.9,1.04668333333e-06,9.12638102183e-08
1378248889,0.9,1.0515e-06,9.45661144385e-08
1378248890,0.9,1.04391666667e-06,8.83331367922e-08
1378248891,0.9,1.04788333333e-06,9.01559928987e-08
1378248892,0.9,1.04206666667e-06,9.35738329995e-08
1378248893,0.95,4.02091666667e-06,7.22881901181e-07
1378248894,0.95,3.14881666667e-06,1.4704653364e-07
1378248895,0.95,2.85883333333e-06,1.03251984108e-07
1378248896,0.95,2.67826666667e-06,9.50964189068e-08
1378248897,0.95,2.57383333333e-06,9.35947232606e-08
1378248898,0.95,2.49845e-06,9.3455056043e-08
1378248899,0.95,2.4554e-06,9.57096651337e-08
1378248900,0.95,2.39988333333e-06,9.45448908661e-08
1378248901,0.95,2.36681666667e-06,8.78727283569e-08
1378248902,0.95,2.3509e-06,9.17506948203e-08
1378248903,0.95,2.32873333333e-06,9.1529934387e-08
1378248904,0.95,2.30446666667e-06,9.42525802771e-08
1378248905,0.95,2.29901666667e-06,8.94284614774e-08
1378248906,0.95,2.27895e-06,9.26191889765e-08
1378248907,0.95,2.26786666667e-06,9.12311106781e-08
1378248908,0.95,2.25486666667e-06,8.8457987517e-08
1378248909,0.95,2.23706666667e-06,9.54658519518e-08
1378248910,0.95,2.24231666667e-06,9.72662140154e-08
1378248911,0.95,2.23486666667e-06,9.07972956034e-08
1378248912,0.95,2.21073333333e-06,9.75626066801e-08
1378248913,0.95,2.21813333333e-06,9.70490368605e-08
1378248914,0.95,2.21016666667e-06,9.28339317754e-08
1378248915,0.95,2.19498333333e-06,9.23187398215e-08
1378248916,0.95,2.19856666667e-06,8.73161624341e-08
1378248917,0.95,2.18893333333e-06,8.53523806867e-08
1378248918,0.95,2.18246666667e-06,9.46726758656e-08
1378248919,0.95,2.17688333333e-06,9.37205227732e-08
1378248920,0.95,2.17393333333e-06,9.43214126744e-08
1378248921,0.95,2.1786e-06,9.6657677743e-08
1378248922,0.95,2.16468333333e-06,9.30760426867e-08
1378248923,0.95,2.16178333333e-06,9.17391395328e-08
1378248924,0.95,2.1579e-06,9.40315018137e-08
1378248925,0.95,2.16425e-06,1.02033593324e-07
1378248926,0.95,2.15796666667e-06,1.01888986429e-07
1378248927,0.95,2.14075e-06,9.59063127919e-08
1378248928,0.95,2.1474e-06,9.86715426723e-08
1378248929,0.95,2.1408e-06,9.55581498356e-08
1378248930,0.95,2.14756666667e-06,1.03656864488e-07
1378248931,0.95,2.12676666667e-06,9.44777516432e-08
1378248932,0.95,2.1337e-06,9.0572125955e-08
1378248933,0.95,2.13855e-06,9.39555613043e-08
1378248934,0.95,2.13285e-06,9.18529304559e-08
1378248935,0.95,2.11866666667e-06,9.47147765076e-08
1378248936,0.95,2.1045e-06,9.26026457505e-08
1378248937,0.95,2.11008333333e-06,1.01717302964e-07
1378248938,0.95,2.11715e-06,9.38711572671e-08
1378248939,0.95,2.12243333333e-06,8.84519392414e-08
1378248940,0.95,2.09488333333e-06,8.6369765479e-08
1378248941,0.95,2.11715e-06,9.45531288042e-08
1378248942,0.95,2.11593333333e-06,9.68725738047e-08
1378248943,0.95,2.10785e-06,9.99339490197e-08
1378248944,0.95,2.09388333333e-06,9.21412125791e-08
1378248945,0.95,2.09186666667e-06,9.72720354927e-08
1378248946,0.95,2.10123333333e-06,9.42124136666e-08
1378248947,0.95,2.09926666667e-06,8.95412133539e-08
1378248948,0.95,2.08786666667e-06,9.30185405652e-08
1378248949,0.95,2.07811666667e-06,9.38031789914e-08
1378248950,0.95,2.07613333333e-06,9.94721848335e-08
1378248951,0.95,2.08471666667e-06,9.27272149312e-08
1378248952,0.95,2.09055e-06,9.39713475835e-08
1378248953,0.95,2.07541666667e-06,9.54956005386e-08
1378248954,0.95,2.07965e-06,9.72254810565e-08
1378248955,0.95,2.08225e-06,9.89024140251e-08
1378248956,0.95,2.08076666667e-06,9.20493285629e-08
1378248957,0.95,2.06893333333e-06,9.10514262503e-08
1378248958,1,5.833e-06,7.52278538841e-07
1378248959,1,5.12873333333e-06,1.23985465098e-07
1378248960,1,4.8791e-06,1.099273548e-07
1378248961,1,4.76018333333e-06,9.56968288689e-08
1378248962,1,4.69806666667e-06,9.32466025595e-08
1378248963,1,4.67296666667e-06,9.43117113029e-08
1378248964,1,4.63365e-06,9.48811229908e-08
1378248965,1,4.62166666667e-06,8.9749032802e-08
1378248966,1,4.62828333333e-06,9.20867510678e-08
1378248967,1,4.63795e-06,9.61399023992e-08
1378248968,1,4.63005e-06,9.63937108944e-08
1378248969,1,4.63348333333e-06,9.40396178332e-08
1378248970,1,4.60645e-06,9.22287780468e-08
1378248971,1,4.60446666667e-06,9.31399424999e-08
1378248972,1,4.57246666667e-06,9.76980836842e-08
1378248973,1,4.5944e-06,9.92386349496e-08
1378248974,1,4.56143333333e-06,9.46464238921e-08
1378248975,1,4.59225e-06,9.83896378352e-08
1378248976,1,4.57248333333e-06,8.98039515958e-08
1378248977,1,4.57706666667e-06,1.00074450064e-07
1378248978,1,4.55805e-06,9.61870443459e-08
1378248979,1,4.55491666667e-06,1.07594499808e-07
1378248980,1,4.55175e-06,9.20544449407e-08
1378248981,1,4.53836666667e-06,9.29399387896e-08
1378248982,1,4.50888333333e-06,9.89436020614e-08
1378248983,1,4.53181666667e-06,9.35785751239e-08
1378248984,1,4.53653333333e-06,9.76028460423e-08
1378248985,1,4.51193333333e-06,9.19706233292e-08
1378248986,1,4.48316666667e-06,9.15940621559e-08
1378248987,1,4.48936666667e-06,9.7595759243e-08
1378248988,1,4.48235e-06,1.01897305329e-07
1378248989,1,4.46351666667e-06,9.76458723597e-08
1378248990,1,4.43726666667e-06,9.51990662886e-08
1378248991,1,4.46895e-06,9.30894596611e-08
1378248992,1,4.43713333333e-06,1.0059878506e-07
1378248993,1,4.45556666667e-06,9.52908471762e-08
1378248994,1,4.43585e-06,9.65187071677e-08
1378248995,1,4.41988333333e-06,9.88942350303e-08
1378248996,1,4.41365e-06,9.5412756834e-08
1378248997,1,4.41713333333e-06,9.57154579412e-08
1378248998,1,4.40393333333e-06,9.64694885558e-08
1378248999,1,4.37446666667e-06,1.00254919525e-07
1378249000,1,4.40385e-06,9.60004904501e-08
1378249001,1,4.41528333333e-06,9.79966141705e-08
1378249002,1,4.39593333333e-06,8.72799837051e-08
1378249003,1,4.34435e-06,8.92402795827e-08
1378249004,1,4.39816666667e-06,9.8519738575e-08
1378249005,1,4.33851666667e-06,9.16345079954e-08
1378249006,1,4.35271666667e-06,9.46310540409e-08
1378249007,1,4.35738333333e-06,9.96371904573e-08
1378249008,1,4.3518e-06,9.37030415728e-08
1378249009,1,4.3352e-06,1.01976925495e-07
1378249010,1,4.31001666667e-06,9.41625353076e-08
1378249011,1,4.34791666667e-06,9.57013221202e-08
1378249012,1,4.31313333333e-06,9.24131063336e-08
1378249013,1,4.30448333333e-06,9.98623204996e-08
1378249014,1,4.27973333333e-06,9.57066466982e-08
1378249015,1,4.27835e-06,9.34800914634e-08
1378249016,1,4.27028333333e-06,9.30009124806e-08
1378249017,1,4.24281666667e-06,9.53029365876e-08
1378249018,1,4.19893333333e-06,9.59437103491e-08
1378249019,1,4.19955e-06,1.03020455089e-07
1378249020,1,4.24261666667e-06,9.86723689231e-08
1378249021,1,4.21536666667e-06,9.49984151915e-08
1378249022,1,4.1698e-06,9.6018887031e-08
1378249023,1.05,9.21263333333e-06,1.03434700764e-06
1378249024,1.05,8.37886666667e-06,1.50023494456e-07
1378249025,1.05,8.06928333333e-06,1.05798092558e-07
1378249026,1.05,7.9097e-06,1.01933360584e-07
1378249027,1.05,7.91536666667e-06,9.23112428448e-08
1378249028,1.05,7.83581666667e-06,9.83314957455e-08
1378249029,1.05,7.78966666667e-06,9.46302746952e-08
1378249030,1.05,7.70931666667e-06,1.0449377839e-07
1378249031,1.05,7.61636666667e-06,9.77614386601e-08
1378249032,1.05,7.63986666667e-06,1.04232027494e-07
1378249033,1.05,7.57106666667e-06,9.9647857757e-08
1378249034,1.05,7.4659e-06,1.00991864359e-07
1378249035,1.05,7.35898333333e-06,1.23280370385e-07
1378249036,1.05,7.3158e-06,9.76355126649e-08
1378249037,1.05,7.23606666667e-06,9.75612400267e-08
1378249038,1.05,7.11061666667e-06,1.01015855466e-07
1378249039,1.05,6.98528333333e-06,9.64866297589e-08
1378249040,1.05,6.82495e-06,9.60151767517e-08
1378249041,1.05,6.69115e-06,1.13779439414e-07
1378249042,1.05,6.50298333333e-06,1.05890744271e-07
1378249043,1.05,6.30176666667e-06,1.13712556719e-07
1378249044,1.05,6.05963333333e-06,1.15432659542e-07
1378249045,1.05,5.79765e-06,1.10944704696e-07
1378249046,1.05,5.56661666667e-06,1.06499466613e-07
1378249047,1.05,5.30923333333e-06,1.12198836397e-07
1378249048,1.05,5.06841666667e-06,9.95451809761e-08
1378249049,1.05,4.9341e-06,1.08243660322e-07
1378249050,1.05,4.7946e-06,9.94099592596e-08
1378249051,1.05,4.70541666667e-06,1.00180219549e-07
1378249052,1.05,4.62151666667e-06,9.79827351572e-08
1378249053,1.05,4.54583333333e-06,9.67124891395e-08
1378249054,1.05,4.47006666667e-06,8.91580743524e-08
1378249055,1.05,4.3915e-06,1.00236802955e-07
1378249056,1.05,4.35778333333e-06,9.0494952284e-08
1378249057,1.05,4.3328e-06,9.72230768216e-08
1378249058,1.05,4.30953333333e-06,9.12064447041e-08
1378249059,1.05,4.27211666667e-06,9.15183208738e-08
1378249060,1.05,4.22691666667e-06,9.82721207781e-08
1378249061,1.05,4.26263333333e-06,9.74699896834e-08
1378249062,1.05,4.23973333333e-06,9.48398416044e-08
1378249063,1.05,4.21051666667e-06,9.18303674657e-08
1378249064,1.05,4.18221666667e-06,9.24256623214e-08
1378249065,1.05,4.21288333333e-06,9.53429059879e-08
1378249066,1.05,4.18641666667e-06,9.62102370968e-08
1378249067,1.05,4.16218333333e-06,9.38091132152e-08
1378249068,1.05,4.1242e-06,9.30700094911e-08
1378249069,1.05,4.16301666667e-06,9.64148141568e-08
1378249070,1.05,4.15086666667e-06,9.73126347855e-08
1378249071,1.05,4.13193333333e-06,9.18981078272e-08
1378249072,1.05,4.0984e-06,9.32582793465e-08
1378249073,1.05,4.15438333333e-06,9.89151305694e-08
1378249074,1.05,4.12701666667e-06,9.21159580215e-08
1378249075,1.05,4.123e-06,9.3423765713e-08
1378249076,1.05,4.09285e-06,9.1121498561e-08
1378249077,1.05,4.11726666667e-06,9.25240269095e-08
1378249078,1.05,4.11368333333e-06,9.5095652138e-08
1378249079,1.05,4.10491666667e-06,9.50424978043e-08
1378249080,1.05,4.08256666667e-06,9.26008219306e-08
1378249081,1.05,4.06978333333e-06,9.20490977082e-08
1378249082,1.05,4.07251666667e-06,9.44973529906e-08
1378249083,1.05,4.07295e-06,9.94906067593e-08
1378249084,1.05,4.08476666667e-06,9.37849253464e-08
1378249085,1.05,4.04813333333e-06,9.74825568442e-08
1378249086,1.05,4.05553333333e-06,9.83364067316e-08
1378249087,1.05,4.06086666667e-06,9.15154753155e-08
1378249088,1.1,7.69936666667e-06,7.47655847002e-07
1378249089,1.1,6.97586666667e-06,1.08752389501e-07
1378249090,1.1,6.79736666667e-06,1.02551120044e-07
1378249091,1.1,6.71891666667e-06,9.18354128621e-08
1378249092,1.1,6.60875e-06,9.97355879313e-08
1378249093,1.1,6.63351666667e-06,9.69607294504e-08
1378249094,1.1,6.61023333333e-06,9.11442751295e-08
1378249095,1.1,6.52135e-06,9.33127045655e-08
1378249096,1.1,6.4773e-06,1.03422483049e-07
1378249097,1.1,6.56988333333e-06,9.27742945121e-08
1378249098,1.1,6.48716666667e-06,9.59720734844e-08
1378249099,1.1,6.46385e-06,9.59753136662e-08
1378249100,1.1,6.47543333333e-06,9.90402892205e-08
1378249101,1.1,6.52965e-06,9.68106097836e-08
1378249102,1.1,6.48666666667e-06,9.66793095181e-08
1378249103,1.1,6.46461666667e-06,9.1371602384e-08
1378249104,1.1,6.48768333333e-06,9.37143695255e-08
1378249105,1.1,6.46613333333e-06,1.01104972952e-07
1378249106,1.1,6.46346666667e-06,9.53614993357e-08
1378249107,1.1,6.41993333333e-06,9.47258969636e-08
1378249108,1.1,6.49093333333e-06,1.00369129827e-07
1378249109,1.1,6.50081666667e-06,1.00909611644e-07
1378249110,1.1,6.45983333333e-06,9.23298735814e-08
1378249111,1.1,6.41326666667e-06,1.06978170151e-07
1378249112,1.1,6.46018333333e-06,9.85133648575e-08
1378249113,1.1,6.47226666667e-06,9.76619794097e-08
1378249114,1.1,6.44401666667e-06,9.41025135454e-08
1378249115,1.1,6.43493333333e-06,8.97542694744e-08
1378249116,1.1,6.40421666667e-06,9.71432090038e-08
1378249117,1.1,6.41955e-06,1.02185521642e-07
1378249118,1.1,6.43981666667e-06,9.27759831829e-08
1378249119,1.1,6.452e-06,9.74260403246e-08
1378249120,1.1,6.42696666667e-06,1.04073526359e-07
1378249121,1.1,6.39546666667e-06,1.02859688681e-07
1378249122,1.1,6.44378333333e-06,9.79146042336e-08
1378249123,1.1,6.45983333333e-06,9.7489173188e-08
1378249124,1.1,6.40331666667e-06,9.66768658413e-08
1378249125,1.1,6.40153333333e-06,9.37522384918e-08
1378249126,1.1,6.40538333333e-06,9.73204486335e-08
1378249127,1.1,6.43076666667e-06,8.71239283371e-08
1378249128,1.1,6.38338333333e-06,9.71809466351e-08
1378249129,1.1,6.3634e-06,1.08871973743e-07
1378249130,1.1,6.40611666667e-06,8.98554564596e-08
1378249131,1.1,6.41131666667e-06,9.19946541321e-08
1378249132,1.1,6.39416666667e-06,9.62832915008e-08
1378249133,1.1,6.35055e-06,9.9567970921e-08
1378249134,1.1,6.39878333333e-06,1.01358783811e-07
1378249135,1.1,6.40675e-06,9.89040991736e-08
1378249136,1.1,6.38775e-06,8.73919571051e-08
1378249137,1.1,6.37576666667e-06,9.29905670246e-08
1378249138,1.1,6.39733333333e-06,9.62819932398e-08
1378249139,1.1,6.397e-06,9.73969540934e-08
1378249140,1.1,6.33961666667e-06,9.7278481976e-08
1378249141,1.1,6.37195e-06,9.76180353896e-08
1378249142,1.1,6.41488333333e-06,1.0104406492e-07
1378249143,1.1,6.38466666667e-06,9.73047903354e-08
1378249144,1.1,6.34918333333e-06,9.83518330056e-08
1378249145,1.1,6.33988333333e-06,1.03183831367e-07
1378249146,1.1,6.38253333333e-06,9.36478272869e-08
1378249147,1.1,6.35741666667e-06,9.13605114672e-08
1378249148,1.1,6.36528333333e-06,9.06265398337e-08
1378249149,1.1,6.33763333333e-06,9.41420852872e-08
1378249150,1.1,6.39085e-06,9.6413315989e-08
1378249151,1.1,6.33406666667e-06,1.00262799128e-07
1378249152,1.1,6.3695e-06,9.47659397322e-08
1378249153,1.15,1.07182666667e-05,8.25045551604e-07
1378249154,1.15,1.01564333333e-05,1.12925250596e-07
1378249155,1.15,9.97115e-06,1.00832009633e-07
1378249156,1.15,9.93833333333e-06,9.64696267687e-08
1378249157,1.15,9.93043333333e-06,1.04997518489e-07
1378249158,1.15,9.97843333333e-06,9.42658239001e-08
1378249159,1.15,9.92901666667e-06,9.33538950565e-08
1378249160,1.15,9.85448333333e-06,9.77146341252e-08
1378249161,1.15,9.8544e-06,9.27126744302e-08
1378249162,1.15,9.97775e-06,9.87388179323e-08
1378249163,1.15,9.89763333333e-06,1.01247545924e-07
1378249164,1.15,9.87491666667e-06,1.00907926954e-07
1378249165,1.15,9.88073333333e-06,9.76403036092e-08
1378249166,1.15,9.84105e-06,1.07935849003e-07
1378249167,1.15,9.93333333333e-06,9.6587898943e-08
1378249168,1.15,9.87423333333e-06,1.05904417073e-07
1378249169,1.15,9.9237e-06,9.3476253669e-08
1378249170,1.15,9.86985e-06,1.08913088439e-07
1378249171,1.15,9.92936666667e-06,1.01959627086e-07
1378249172,1.15,9.8637e-06,9.61230634829e-08
1378249173,1.15,9.85303333333e-06,1.02136178159e-07
1378249174,1.15,9.93463333333e-06,1.04671066786e-07
1378249175,1.15,9.93676666667e-06,9.20708724601e-08
1378249176,1.15,9.88523333333e-06,9.57928958164e-08
1378249177,1.15,9.85978333333e-06,1.1308493735e-07
1378249178,1.15,9.89373333333e-06,9.73852943496e-08
1378249179,1.15,9.93076666667e-06,1.10906472109e-07
1378249180,1.15,9.88655e-06,9.69785929987e-08
1378249181,1.15,9.79768333333e-06,1.12783197872e-07
1378249182,1.15,9.92881666667e-06,9.77395333982e-08
1378249183,1.15,9.8565e-06,1.03174205433e-07
1378249184,1.15,9.89143333333e-06,9.68243025049e-08
1378249185,1.15,9.86215e-06,9.63861720719e-08
1378249186,1.15,9.80448333333e-06,9.97178505696e-08
1378249187,1.15,9.92521666667e-06,9.75313781417e-08
1378249188,1.15,9.91328333333e-06,1.02262585479e-07
1378249189,1.15,9.8548e-06,9.41114233236e-08
1378249190,1.15,9.82075e-06,1.08615625794e-07
1378249191,1.15,9.87066666667e-06,1.02109690475e-07
1378249192,1.15,9.88231666667e-06,1.00883842721e-07
1378249193,1.15,9.90273333333e-06,9.35246610377e-08
1378249194,1.15,9.85998333333e-06,9.46101635954e-08
1378249195,1.15,9.88853333333e-06,9.10595897689e-08
1378249196,1.15,9.8444e-06,1.1960409692e-07
1378249197,1.15,9.89633333333e-06,1.06288391757e-07
1378249198,1.15,9.85055e-06,1.00365735355e-07
1378249199,1.15,9.83128333333e-06,1.05349907715e-07
1378249200,1.15,9.78253333333e-06,1.02426797709e-07
1378249201,1.15,9.87416666667e-06,1.03095290333e-07
1378249202,1.15,9.86033333333e-06,9.65283493189e-08
1378249203,1.15,9.83753333333e-06,1.00396292539e-07
1378249204,1.15,9.78008333333e-06,1.00068691685e-07
1378249205,1.15,9.86771666667e-06,9.96746526901e-08
1378249206,1.15,9.84293333333e-06,9.21912625409e-08
1378249207,1.15,9.8616e-06,9.36114665341e-08
1378249208,1.15,9.8098e-06,9.22006507569e-08
1378249209,1.15,9.83228333333e-06,1.10022132874e-07
1378249210,1.15,9.86675e-06,9.80918999374e-08
1378249211,1.15,9.83603333333e-06,9.62146847189e-08
1378249212,1.15,9.81293333333e-06,9.83856132211e-08
1378249213,1.15,9.81578333333e-06,1.14577352571e-07
1378249214,1.15,9.84813333333e-06,9.23761272672e-08
1378249215,1.15,9.83205e-06,9.22923660621e-08
1378249216,1.15,9.79668333333e-06,1.09984467338e-07
1378249217,1.15,9.85081666667e-06,1.06254018225e-07
1378249218,1.2,1.52724666667e-05,9.07182312928e-07
1378249219,1.2,1.47703333333e-05,1.17611176718e-07
1378249220,1.2,1.483185e-05,1.01775868947e-07
1378249221,1.2,1.46701e-05,1.06603580303e-07
1378249222,1.2,1.476995e-05,1.01421139315e-07
1378249223,1.2,1.46876833333e-05,1.12667133875e-07
1378249224,1.2,1.47865e-05,1.0757749145e-07
1378249225,1.2,1.47311333333e-05,1.04299483327e-07
1378249226,1.2,1.48162e-05,1.10362554036e-07
1378249227,1.2,1.47629833333e-05,1.18640983878e-07
1378249228,1.2,1.47101666667e-05,1.06721470296e-07
1378249229,1.2,1.47752e-05,1.07558325263e-07
1378249230,1.2,1.48278666667e-05,9.57137166531e-08
1378249231,1.2,1.487515e-05,9.67741055242e-08
1378249232,1.2,1.47860833333e-05,1.19805020995e-07
1378249233,1.2,1.483345e-05,1.02446803269e-07
1378249234,1.2,1.49490833333e-05,1.31892290862e-07
1378249235,1.2,1.48071666667e-05,1.29413312899e-07
1378249236,1.2,1.48822e-05,1.33424110765e-07
1378249237,1.2,1.47933166667e-05,1.28199387891e-07
1378249238,1.2,1.48442e-05,1.05382762664e-07
1378249239,1.2,1.49388333333e-05,1.27829204627e-07
1378249240,1.2,1.50114e-05,1.29640682915e-07
1378249241,1.2,1.489145e-05,1.0775967474e-07
1378249242,1.2,1.48841333333e-05,9.95753427757e-08
1378249243,1.2,1.50511666667e-05,1.02350568581e-07
1378249244,1.2,1.50021833333e-05,1.13918024864e-07
1378249245,1.2,1.48079e-05,1.4729026897e-07
1378249246,1.2,1.48406333333e-05,1.29018469823e-07
1378249247,1.2,1.49323833333e-05,1.04191665e-07
1378249248,1.2,1.51125666667e-05,1.38996087075e-07
1378249249,1.2,1.48990666667e-05,1.18511443423e-07
1378249250,1.2,1.48732166667e-05,1.08595901038e-07
1378249251,1.2,1.497615e-05,1.04383559529e-07
1378249252,1.2,1.50279666667e-05,1.13140910176e-07
1378249253,1.2,1.49999166667e-05,9.97107970862e-08
1378249254,1.2,1.48952166667e-05,1.05248292412e-07
1378249255,1.2,1.497475e-05,1.10310263197e-07
1378249256,1.2,1.499685e-05,1.09446307232e-07
1378249257,1.2,1.49307666667e-05,1.1730620425e-07
1378249258,1.2,1.49265666667e-05,1.11190732028e-07
1378249259,1.2,1.49004166667e-05,1.19869691981e-07
1378249260,1.2,1.504065e-05,1.0822812712e-07
1378249261,1.2,1.49110666667e-05,1.11902616393e-07
1378249262,1.2,1.50410833333e-05,1.12642101612e-07
1378249263,1.2,1.49205666667e-05,1.06744299874e-07
1378249264,1.2,1.49958166667e-05,1.13605676452e-07
1378249265,1.2,1.49693666667e-05,9.71189934508e-08
1378249266,1.2,1.50181333333e-05,1.12122770014e-07
1378249267,1.2,1.49125333333e-05,1.47629318076e-07
1378249268,1.2,1.50709166667e-05,1.04364312493e-07
1378249269,1.2,1.50559e-05,1.33905526398e-07
1378249270,1.2,1.49804166667e-05,1.03520093326e-07
1378249271,1.2,1.49567833333e-05,1.14695552321e-07
1378249272,1.2,1.51008333333e-05,1.0909234111e-07
1378249273,1.2,1.505225e-05,1.0693933249e-07
1378249274,1.2,1.50124833333e-05,1.25030995046e-07
1378249275,1.2,1.48128666667e-05,1.10485061836e-07
1378249276,1.2,1.50126833333e-05,9.98735019356e-08
1378249277,1.2,1.494925e-05,1.62179491613e-07
1378249278,1.2,1.51255666667e-05,1.321924565e-07
1378249279,1.2,1.49721333333e-05,1.00816411803e-07
1378249280,1.2,1.492625e-05,1.17271142372e-07
1378249281,1.2,1.50476666667e-05,1.63594179467e-07
1378249282,1.2,1.51208333333e-05,1.18209442187e-07
1378249283,1.175,1.220365e-05,4.91466269612e-07
1378249284,1.175,1.23231166667e-05,1.08801208888e-07
1378249285,1.175,1.24758666667e-05,1.05850911926e-07
1378249286,1.175,1.25614833333e-05,1.08869415918e-07
1378249287,1.175,1.25275e-05,1.15082941105e-07
1378249288,1.175,1.24666833333e-05,1.01195765996e-07
1378249289,1.175,1.25048666667e-05,1.0498245356e-07
1378249290,1.175,1.248075e-05,1.25797539059e-07
1378249291,1.175,1.24756333333e-05,1.13107318753e-07
1378249292,1.175,1.25078e-05,9.95397408074e-08
1378249293,1.175,1.23790666667e-05,1.00076448556e-07
1378249294,1.175,1.22756666667e-05,1.37203822428e-07
1378249295,1.175,1.24166e-05,1.22780047239e-07
1378249296,1.175,1.253395e-05,1.08388102822e-07
1378249297,1.175,1.24287833333e-05,9.04042940843e-08
1378249298,1.175,1.24877333333e-05,1.06394057896e-07
1378249299,1.175,1.242185e-05,1.0239707434e-07
1378249300,1.175,1.248815e-05,9.44395441539e-08
1378249301,1.175,1.23914666667e-05,1.03378022595e-07
1378249302,1.175,1.23444666667e-05,9.75673214874e-08
1378249303,1.175,1.240525e-05,1.05069917198e-07
1378249304,1.175,1.23666833333e-05,9.66052951735e-08
1378249305,1.175,1.23714e-05,1.02036137389e-07
1378249306,1.175,1.229405e-05,1.05148375324e-07
1378249307,1.175,1.23647833333e-05,1.104326479e-07
1378249308,1.175,1.23735666667e-05,1.04138268129e-07
1378249309,1.175,1.23834333333e-05,1.16323738859e-07
1378249310,1.175,1.2329e-05,9.46255779375e-08
1378249311,1.175,1.23671666667e-05,1.05868498095e-07
1378249312,1.175,1.237225e-05,1.07507460981e-07
1378249313,1.175,1.23886166667e-05,9.89023241497e-08
1378249314,1.175,1.23134166667e-05,1.00260874999e-07
1378249315,1.175,1.22922e-05,1.07326573286e-07
1378249316,1.175,1.234245e-05,1.19869015318e-07
1378249317,1.175,1.24352666667e-05,1.03635236393e-07
1378249318,1.175,1.23893166667e-05,1.11095828255e-07
1378249319,1.175,1.22582166667e-05,1.10191060083e-07
1378249320,1.175,1.226805e-05,1.02035684118e-07
1378249321,1.175,1.23620833333e-05,1.01901470658e-07
1378249322,1.175,1.23081666667e-05,1.07645895829e-07
1378249323,1.175,1.22918333333e-05,1.00729698809e-07
1378249324,1.175,1.224775e-05,1.05707241158e-07
1378249325,1.175,1.23732666667e-05,1.01504493606e-07
1378249326,1.175,1.237255e-05,1.07258632131e-07
1378249327,1.175,1.225185e-05,1.15769861507e-07
1378249328,1.175,1.22235333333e-05,1.04144205578e-07
1378249329,1.175,1.22992833333e-05,1.06409130508e-07
1378249330,1.175,1.2364e-05,9.95615387587e-08
1378249331,1.175,1.22641166667e-05,1.04279127293e-07
1378249332,1.175,1.22187333333e-05,9.28622396648e-08
1378249333,1.175,1.22971833333e-05,1.04698693349e-07
1378249334,1.175,1.23006e-05,1.05409392371e-07
1378249335,1.175,1.22795e-05,1.39300335008e-07
1378249336,1.175,1.23040666667e-05,1.06573740772e-07
1378249337,1.175,1.230155e-05,9.68194926999e-08
1378249338,1.175,1.23361833333e-05,1.1065117738e-07
1378249339,1.175,1.21510166667e-05,1.00662222584e-07
1378249340,1.175,1.219685e-05,9.83971247886e-08
1378249341,1.175,1.22898e-05,1.18847773784e-07
1378249342,1.175,1.223795e-05,1.00457524191e-07
1378249343,1.175,1.21847e-05,9.94195319509e-08
1378249344,1.175,1.22357166667e-05,1.0966951744e-07
1378249345,1.175,1.230695e-05,9.98846709961e-08
1378249346,1.175,1.22105166667e-05,1.02839598675e-07
1378249347,1.175,1.21925333333e-05,1.06920915738e-07
1378249348,1.125,7.42718333333e-06,9.49376365334e-07
1378249349,1.125,8.1531e-06,1.33647134899e-07
1378249350,1.125,8.24645e-06,9.38987797223e-08
1378249351,1.125,8.31028333333e-06,9.53668516251e-08
1378249352,1.125,8.24928333333e-06,9.54955656329e-08
1378249353,1.125,8.34616666667e-06,1.01500273672e-07
1378249354,1.125,8.30693333333e-06,1.10116281973e-07
1378249355,1.125,8.28408333333e-06,1.05008299937e-07
1378249356,1.125,8.27216666667e-06,1.00140595609e-07
1378249357,1.125,8.32288333333e-06,1.00879150748e-07
1378249358,1.125,8.29383333333e-06,9.49059475949e-08
1378249359,1.125,8.27103333333e-06,1.00204452108e-07
1378249360,1.125,8.2549e-06,9.96794361942e-08
1378249361,1.125,8.25781666667e-06,1.03900511976e-07
1378249362,1.125,8.20186666667e-06,1.12101214187e-07
1378249363,1.125,8.21683333333e-06,9.98656041332e-08
1378249364,1.125,8.22541666667e-06,9.39809008375e-08
1378249365,1.125,8.19701666667e-06,1.07687896514e-07
1378249366,1.125,8.21883333333e-06,1.0502367458e-07
1378249367,1.125,8.25586666667e-06,1.01231165601e-07
1378249368,1.125,8.2138e-06,1.07075798697e-07
1378249369,1.125,8.20695e-06,1.01370348229e-07
1378249370,1.125,8.22213333333e-06,1.05788069061e-07
1378249371,1.125,8.21696666667e-06,1.0095031231e-07
1378249372,1.125,8.18945e-06,1.00450389911e-07
1378249373,1.125,8.21913333333e-06,1.0229246741e-07
1378249374,1.125,8.17495e-06,1.06938833763e-07
1378249375,1.125,8.20146666667e-06,9.93613718817e-08
1378249376,1.125,8.17153333333e-06,1.03182599739e-07
1378249377,1.125,8.14851666667e-06,1.00688710335e-07
1378249378,1.125,8.13828333333e-06,9.78551806952e-08
1378249379,1.125,8.16571666667e-06,9.67715680812e-08
1378249380,1.125,8.16373333333e-06,9.96003458272e-08
1378249381,1.125,8.16415e-06,9.94427515374e-08
1378249382,1.125,8.15895e-06,9.79080223135e-08
1378249383,1.125,8.15211666667e-06,9.87400782639e-08
1378249384,1.125,8.07231666667e-06,1.01099207327e-07
1378249385,1.125,8.12305e-06,9.96976136458e-08
1378249386,1.125,8.1736e-06,9.49958244696e-08
1378249387,1.125,8.119e-06,9.36224688131e-08
1378249388,1.125,8.11053333333e-06,9.94378309409e-08
1378249389,1.125,8.11485e-06,9.62231477695e-08
1378249390,1.125,8.08285e-06,9.62044394333e-08
1378249391,1.125,8.10221666667e-06,1.04715502142e-07
1378249392,1.125,8.04798333333e-06,1.01009156626e-07
1378249393,1.125,8.05385e-06,9.90677924454e-08
1378249394,1.125,8.07381666667e-06,1.03293351136e-07
1378249395,1.125,8.10171666667e-06,9.38330239782e-08
1378249396,1.125,8.09273333333e-06,1.08651716763e-07
1378249397,1.125,8.01348333333e-06,9.41848345306e-08
1378249398,1.125,8.03253333333e-06,9.7076853861e-08
1378249399,1.125,8.06993333333e-06,1.02931185211e-07
1378249400,1.125,8.1047e-06,1.07208099818e-07
1378249401,1.125,7.98981666667e-06,9.17662776962e-08
1378249402,1.125,8.03445e-06,9.13114496289e-08
1378249403,1.125,8.0734e-06,9.57563226807e-08
1378249404,1.125,8.05046666667e-06,9.92368323199e-08
1378249405,1.125,7.99123333333e-06,1.08927248912e-07
1378249406,1.125,8.04375e-06,8.79963304159e-08
1378249407,1.125,8.03958333333e-06,9.99278559206e-08
1378249408,1.125,8.05476666667e-06,9.82985870815e-08
1378249409,1.125,8.02853333333e-06,9.2742558851e-08
1378249410,1.125,8.02615e-06,9.65622122434e-08
1378249411,1.125,8.01731666667e-06,9.5536466278e-08
1378249412,1.125,8.0495e-06,1.00338178178e-07
1378249413,1.075,4.3662e-06,7.42523440707e-07
1378249414,1.075,4.98786666667e-06,1.1906909292e-07
1378249415,1.075,5.11983333333e-06,9.83487276086e-08
1378249416,1.075,5.23323333333e-06,1.01133800263e-07
1378249417,1.075,5.2549e-06,9.39706869188e-08
1378249418,1.075,5.25513333333e-06,9.28375762047e-08
1378249419,1.075,5.24366666667e-06,9.99669389793e-08
1378249420,1.075,5.27456666667e-06,9.15267477602e-08
1378249421,1.075,5.27878333333e-06,9.78873658287e-08
1378249422,1.075,5.24485e-06,8.49336652924e-08
1378249423,1.075,5.24228333333e-06,9.98183502947e-08
1378249424,1.075,5.28806666667e-06,9.55018091743e-08
1378249425,1.075,5.25613333333e-06,9.67490683274e-08
1378249426,1.075,5.2529e-06,9.54808357735e-08
1378249427,1.075,5.24596666667e-06,9.4665545768e-08
1378249428,1.075,5.26336666667e-06,9.89343160329e-08
1378249429,1.075,5.24108333333e-06,9.35819234088e-08
1378249430,1.075,5.2472e-06,9.14794694636e-08
1378249431,1.075,5.2263e-06,9.86406440909e-08
1378249432,1.075,5.25806666667e-06,9.6187813966e-08
1378249433,1.075,5.25061666667e-06,9.88257880762e-08
1378249434,1.075,5.22463333333e-06,1.00302204473e-07
1378249435,1.075,5.22863333333e-06,9.83512356585e-08
1378249436,1.075,5.21758333333e-06,9.32339873055e-08
1378249437,1.075,5.19221666667e-06,9.80680191953e-08
1378249438,1.075,5.184e-06,1.05353373621e-07
1378249439,1.075,5.2242e-06,9.18659893541e-08
1378249440,1.075,5.22673333333e-06,9.43662839978e-08
1378249441,1.075,5.13995e-06,1.08223137545e-07
1378249442,1.075,5.19785e-06,9.50111967086e-08
1378249443,1.075,5.21716666667e-06,8.96175516043e-08
1378249444,1.075,5.20075e-06,9.7046488001e-08
1378249445,1.075,5.18641666667e-06,9.36148655693e-08
1378249446,1.075,5.17321666667e-06,1.03446780467e-07
1378249447,1.075,5.17853333333e-06,9.77514648938e-08
1378249448,1.075,5.22491666667e-06,9.95309485649e-08
1378249449,1.075,5.17768333333e-06,9.69332230054e-08
1378249450,1.075,5.19e-06,9.54952005775e-08
1378249451,1.075,5.17878333333e-06,1.01520620511e-07
1378249452,1.075,5.19968333333e-06,9.5968656631e-08
1378249453,1.075,5.17431666667e-06,9.86320589644e-08
1378249454,1.075,5.15945e-06,9.80422400465e-08
1378249455,1.075,5.16018333333e-06,9.45368520149e-08
1378249456,1.075,5.17118333333e-06,9.7608143729e-08
1378249457,1.075,5.18978333333e-06,9.62282168713e-08
1378249458,1.075,5.15505e-06,9.5331426263e-08
1378249459,1.075,5.15448333333e-06,9.13745937823e-08
1378249460,1.075,5.1562e-06,9.89523117466e-08
1378249461,1.075,5.19756666667e-06,9.31490502128e-08
1378249462,1.075,5.14893333333e-06,9.58194250777e-08
1378249463,1.075,5.1328e-06,9.50937782753e-08
1378249464,1.075,5.16793333333e-06,9.52377492851e-08
1378249465,1.075,5.16153333333e-06,1.00797563904e-07
1378249466,1.075,5.14238333333e-06,9.78676132447e-08
1378249467,1.075,5.12045e-06,1.06958157707e-07
1378249468,1.075,5.13071666667e-06,1.04333933704e-07
1378249469,1.075,5.14783333333e-06,9.87613565903e-08
1378249470,1.075,5.13138333333e-06,9.88399534039e-08
1378249471,1.075,5.1463e-06,9.5556144055e-08
1378249472,1.075,5.11981666667e-06,1.00460853349e-07
1378249473,1.075,5.14465e-06,9.75651619859e-08
1378249474,1.075,5.09218333333e-06,9.6398390662e-08
1378249475,1.075,5.11601666667e-06,1.0276291349e-07
1378249476,1.075,5.14618333333e-06,1.05183251466e-07
1378249477,1.075,5.09595e-06,1.07727344873e-07
1378249478,1.025,2.0293e-06,7.71776420561e-07
1378249479,1.025,2.8661e-06,1.23575712285e-07
1378249480,1.025,3.0558e-06,9.80315935468e-08
1378249481,1.025,3.11785e-06,9.58886202842e-08
1378249482,1.025,3.1745e-06,9.47580251659e-08
1378249483,1.025,3.18598333333e-06,1.01190166134e-07
1378249484,1.025,3.19476666667e-06,9.78737906127e-08
1378249485,1.025,3.21146666667e-06,9.54367970032e-08
1378249486,1.025,3.22088333333e-06,1.00325153321e-07
1378249487,1.025,3.22023333333e-06,9.57685346146e-08
1378249488,1.025,3.22715e-06,8.72255362074e-08
1378249489,1.025,3.21588333333e-06,9.7727357423e-08
1378249490,1.025,3.23091666667e-06,9.81575759798e-08
1378249491,1.025,3.23551666667e-06,9.94827441765e-08
1378249492,1.025,3.22146666667e-06,9.1587019944e-08
1378249493,1.025,3.22773333333e-06,9.45102933841e-08
1378249494,1.025,3.23008333333e-06,9.46118899622e-08
1378249495,1.025,3.23133333333e-06,9.33098184663e-08
1378249496,1.025,3.21686666667e-06,9.86678716143e-08
1378249497,1.025,3.2232e-06,9.6380807218e-08
1378249498,1.025,3.1927e-06,9.94796964209e-08
1378249499,1.025,3.22375e-06,9.53337339735e-08
1378249500,1.025,3.21948333333e-06,9.61534349649e-08
1378249501,1.025,3.21736666667e-06,9.77457529626e-08
1378249502,1.025,3.19196666667e-06,9.32360743251e-08
1378249503,1.025,3.21826666667e-06,9.66367539926e-08
1378249504,1.025,3.22223333333e-06,1.01973912786e-07
1378249505,1.025,3.20858333333e-06,9.0035602526e-08
1378249506,1.025,3.22423333333e-06,9.53436532876e-08
1378249507,1.025,3.21095e-06,9.01194438879e-08
1378249508,1.025,3.22716666667e-06,9.60553948974e-08
1378249509,1.025,3.2115e-06,9.57562008436e-08
1378249510,1.025,3.19413333333e-06,9.51634500332e-08
1378249511,1.025,3.20153333333e-06,9.96150033323e-08
1378249512,1.025,3.21505e-06,9.39454495971e-08
1378249513,1.025,3.21533333333e-06,9.57134032179e-08
1378249514,1.025,3.21373333333e-06,9.34793857252e-08
1378249515,1.025,3.19891666667e-06,1.01049046122e-07
1378249516,1.025,3.21183333333e-06,9.7557532883e-08
1378249517,1.025,3.21585e-06,9.51421436588e-08
1378249518,1.025,3.1953e-06,9.00217196014e-08
1378249519,1.025,3.21076666667e-06,9.07335598822e-08
1378249520,1.025,3.20231666667e-06,1.00947427186e-07
1378249521,1.025,3.2075e-06,9.26782067155e-08
1378249522,1.025,3.19855e-06,9.41593374729e-08
1378249523,1.025,3.19158333333e-06,9.2118092987e-08
1378249524,1.025,3.20813333333e-06,9.36430219267e-08
1378249525,1.025,3.20571666667e-06,9.40349388378e-08
1378249526,1.025,3.19116666667e-06,9.63256917384e-08
1378249527,1.025,3.19078333333e-06,9.59138661624e-08
1378249528,1.025,3.18816666667e-06,1.02976399669e-07
1378249529,1.025,3.20455e-06,1.01951201562e-07
1378249530,1.025,3.20448333333e-06,9.88179288164e-08
1378249531,1.025,3.19023333333e-06,9.40865499893e-08
1378249532,1.025,3.19178333333e-06,9.45713296348e-08
1378249533,1.025,3.18583333333e-06,9.73052185423e-08
1378249534,1.025,3.20278333333e-06,9.09936063077e-08
1378249535,1.025,3.17716666667e-06,9.98522519637e-08
1378249536,1.025,3.19336666667e-06,9.37656594329e-08
1378249537,1.025,3.18415e-06,9.81157182447e-08
1378249538,1.025,3.17828333333e-06,9.67839676232e-08
1378249539,1.025,3.19015e-06,1.00690420763e-07
1378249540,1.025,3.19161666667e-06,9.74985626675e-08
1378249541,1.025,3.18071666667e-06,9.26592488038e-08
1378249542,1.025,3.16886666667e-06,1.10532267787e-07
1378249543,0.975,4.97316666667e-07,8.19644058757e-07
1378249544,0.975,1.43623333333e-06,1.27556440667e-07
1378249545,0.975,1.6595e-06,1.04816903853e-07
1378249546,0.975,1.75475e-06,9.93982939156e-08
1378249547,0.975,1.81275e-06,9.15042121071e-08
1378249548,0.975,1.84263333333e-06,9.39746360579e-08
1378249549,0.975,1.8649e-06,9.48225887293e-08
1378249550,0.975,1.86996666667e-06,9.43212536435e-08
1378249551,0.975,1.8668e-06,9.19878252814e-08
1378249552,0.975,1.9035e-06,9.28004130738e-08
1378249553,0.975,1.91206666667e-06,9.52972309263e-08
1378249554,0.975,1.91265e-06,9.97291039099e-08
1378249555,0.975,1.91326666667e-06,9.70849914022e-08
1378249556,0.975,1.93336666667e-06,9.25076513352e-08
1378249557,0.975,1.92795e-06,9.3198967269e-08
1378249558,0.975,1.92455e-06,9.78044690526e-08
1378249559,0.975,1.91551666667e-06,9.2279375028e-08
1378249560,0.975,1.95071666667e-06,9.6631101216e-08
1378249561,0.975,1.9318e-06,9.02104576347e-08
1378249562,0.975,1.93791666667e-06,9.58127151733e-08
1378249563,0.975,1.92566666667e-06,9.72602465325e-08
1378249564,0.975,1.93816666667e-06,1.00037354134e-07
1378249565,0.975,1.9341e-06,1.02095657759e-07
1378249566,0.975,1.93985e-06,9.06673085149e-08
1378249567,0.975,1.93603333333e-06,9.09868061253e-08
1378249568,0.975,1.93853333333e-06,9.32390237806e-08
1378249569,0.975,1.94076666667e-06,9.8164380279e-08
1378249570,0.975,1.93153333333e-06,8.8195704103e-08
1378249571,0.975,1.93653333333e-06,9.49683222039e-08
1378249572,0.975,1.93503333333e-06,9.50517344514e-08
1378249573,0.975,1.92646666667e-06,9.88155633266e-08
1378249574,0.975,1.9291e-06,9.39327241523e-08
1378249575,0.975,1.93593333333e-06,9.77111161651e-08
1378249576,0.975,1.92788333333e-06,9.59623349144e-08
1378249577,0.975,1.92491666667e-06,9.40562405632e-08
1378249578,0.975,1.9275e-06,9.8100713555e-08
1378249579,0.975,1.93528333333e-06,9.68727845625e-08
1378249580,0.975,1.93015e-06,9.68214550948e-08
1378249581,0.975,1.9476e-06,9.59456790759e-08
1378249582,0.975,1.93501666667e-06,9.32295539098e-08
1378249583,0.975,1.93821666667e-06,9.48915331078e-08
1378249584,0.975,1.92535e-06,9.31153093392e-08
1378249585,0.975,1.94611666667e-06,9.7339627365e-08
1378249586,0.975,1.93671666667e-06,9.98639226926e-08
1378249587,0.975,1.92786666667e-06,9.66459977903e-08
1378249588,0.975,1.91198333333e-06,9.71441354666e-08
1378249589,0.975,1.93866666667e-06,9.67129199688e-08
1378249590,0.975,1.93248333333e-06,1.01516417665e-07
1378249591,0.975,1.93333333333e-06,8.91509331914e-08
1378249592,0.975,1.92253333333e-06,9.69153353305e-08
1378249593,0.975,1.91323333333e-06,9.48325483272e-08
1378249594,0.975,1.94133333333e-06,1.0680147731e-07
1378249595,0.975,1.93431666667e-06,9.70418280377e-08
1378249596,0.975,1.91853333333e-06,9.39007395545e-08
1378249597,0.975,1.91611666667e-06,9.87775432756e-08
1378249598,0.975,1.92261666667e-06,9.02380355258e-08
1378249599,0.975,1.92923333333e-06,9.07849779546e-08
1378249600,0.975,1.93181666667e-06,9.28795800426e-08
1378249601,0.975,1.9172e-06,9.31199584765e-08
1378249602,0.975,1.92365e-06,9.67682497861e-08
1378249603,0.975,1.92813333333e-06,9.38723364765e-08
1378249604,0.975,1.91651666667e-06,8.68616700405e-08
1378249605,0.975,1.9238e-06,9.54379030225e-08
1378249606,0.975,1.91573333333e-06,9.00146037534e-08
1378249607,0.975,1.9189e-06,9.41848713966e-08
1378249608,0.925,-2.32683333333e-07,6.09664702703e-07
1378249609,0.925,5.58133333333e-07,1.2425718848e-07
1378249610,0.925,7.92283333333e-07,9.81981146572e-08
1378249611,0.925,9.12483333333e-07,9.58857813002e-08
1378249612,0.925,9.82833333333e-07,9.65822907623e-08
1378249613,0.925,1.02031666667e-06,9.29398536091e-08
1378249614,0.925,1.046e-06,9.36500578395e-08
1378249615,0.925,1.06938333333e-06,9.30879676555e-08
1378249616,0.925,1.07515e-06,9.347402937e-08
1378249617,0.925,1.09761666667e-06,9.86385813068e-08
1378249618,0.925,1.10163333333e-06,9.35539000909e-08
1378249619,0.925,1.1138e-06,9.76834684069e-08
1378249620,0.925,1.11173333333e-06,9.09221034121e-08
1378249621,0.925,1.12866666667e-06,9.70483842673e-08
1378249622,0.925,1.12868333333e-06,8.58769452311e-08
1378249623,0.925,1.11966666667e-06,9.47226946876e-08
1378249624,0.925,1.12378333333e-06,9.7399194327e-08
1378249625,0.925,1.13593333333e-06,1.00163843554e-07
1378249626,0.925,1.14195e-06,9.26163097588e-08
1378249627,0.925,1.13515e-06,9.97992693694e-08
1378249628,0.925,1.14411666667e-06,9.80100490879e-08
1378249629,0.925,1.1474e-06,9.29537878016e-08
1378249630,0.925,1.15281666667e-06,9.49718364686e-08
1378249631,0.925,1.15038333333e-06,9.23495337773e-08
1378249632,0.925,1.1496e-06,9.42567769447e-08
1378249633,0.925,1.1501e-06,9.10383984921e-08
1378249634,0.925,1.15885e-06,9.52142890187e-08
1378249635,0.925,1.15213333333e-06,9.64492036716e-08
1378249636,0.925,1.15515e-06,9.21243407937e-08
1378249637,0.925,1.14595e-06,9.55432580911e-08
1378249638,0.925,1.16226666667e-06,9.79992970496e-08
1378249639,0.925,1.14986666667e-06,9.36401741894e-08
1378249640,0.925,1.15888333333e-06,9.19420273264e-08
1378249641,0.925,1.14541666667e-06,9.78855269633e-08
1378249642,0.925,1.1584e-06,9.59336923783e-08
1378249643,0.925,1.16008333333e-06,9.58144546622e-08
1378249644,0.925,1.14688333333e-06,9.14359687918e-08
1378249645,0.925,1.15598333333e-06,1.01245327739e-07
1378249646,0.925,1.15701666667e-06,9.24086019926e-08
1378249647,0.925,1.16338333333e-06,9.48180875267e-08
1378249648,0.925,1.1507e-06,9.18804114053e-08
1378249649,0.925,1.14916666667e-06,9.36196501216e-08
1378249650,0.925,1.15491666667e-06,9.08244261688e-08
1378249651,0.925,1.15953333333e-06,1.01534635579e-07
1378249652,0.925,1.14901666667e-06,9.25830243019e-08
1378249653,0.925,1.15231666667e-06,1.07114656897e-07
1378249654,0.925,1.16111666667e-06,9.55161577373e-08
1378249655,0.925,1.16326666667e-06,9.39228170125e-08
1378249656,0.925,1.16418333333e-06,9.76997938699e-08
1378249657,0.925,1.15425e-06,9.72455011813e-08
1378249658,0.925,1.16031666667e-06,9.48471562861e-08
1378249659,0.925,1.16226666667e-06,9.37026976963e-08
1378249660,0.925,1.16083333333e-06,9.32664939241e-08
1378249661,0.925,1.15476666667e-06,8.83955818403e-08
1378249662,0.925,1.15808333333e-06,8.7097128094e-08
1378249663,0.925,1.16166666667e-06,1.03141757898e-07
1378249664,0.925,1.156e-06,9.4357476298e-08
1378249665,0.925,1.15748333333e-06,9.44303079289e-08
1378249666,0.925,1.15116666667e-06,9.52836408951e-08
1378249667,0.925,1.16e-06,9.76012295005e-08
1378249668,0.925,1.16338333333e-06,9.59737970606e-08
1378249669,0.925,1.15921666667e-06,9.68166810122e-08
1378249670,0.925,1.1513e-06,9.31315020102e-08
1378249671,0.925,1.14756666667e-06,9.15455017403e-08
1378249672,0.925,1.15461666667e-06,9.45679811329e-08
1378249673,0.875,-8.19166666667e-07,6.08832877087e-07
1378249674,0.875,4.88333333333e-09,1.2373117253e-07
1378249675,0.875,2.40266666667e-07,9.95251838593e-08
1378249676,0.875,3.55866666667e-07,9.86850996295e-08
1378249677,0.875,4.318e-07,9.36416573967e-08
1378249678,0.875,4.70733333333e-07,8.97559406886e-08
1378249679,0.875,4.998e-07,9.98855678598e-08
1378249680,0.875,5.179e-07,8.9678629933e-08
1378249681,0.875,5.3435e-07,9.57696585564e-08
1378249682,0.875,5.56366666667e-07,9.49778863151e-08
1378249683,0.875,5.62466666667e-07,9.90408108924e-08
1378249684,0.875,5.657e-07,9.11921597507e-08
1378249685,0.875,5.73816666667e-07,9.04710804008e-08
1378249686,0.875,5.81716666667e-07,9.400072547e-08
1378249687,0.875,5.88916666667e-07,9.52623205797e-08
1378249688,0.875,5.9e-07,8.91618378755e-08
1378249689,0.875,5.9555e-07,9.19797849168e-08
1378249690,0.875,5.92166666667e-07,9.62798294325e-08
1378249691,0.875,5.93916666667e-07,8.97816409716e-08
1378249692,0.875,6.05966666667e-07,9.90794238085e-08
1378249693,0.875,6.0665e-07,9.80154452115e-08
1378249694,0.875,6.106e-07,9.14802710971e-08
1378249695,0.875,6.04116666667e-07,9.52512627505e-08
1378249696,0.875,6.1525e-07,9.39105292286e-08
1378249697,0.875,6.10083333333e-07,9.11413356033e-08
1378249698,0.875,6.16666666667e-07,9.50695651732e-08
1378249699,0.875,6.21466666667e-07,9.42692008146e-08
1378249700,0.875,6.213e-07,1.00316881265e-07
1378249701,0.875,6.12333333333e-07,8.98186444392e-08
1378249702,0.875,6.19e-07,9.71373597884e-08
1378249703,0.875,6.23766666667e-07,1.0390530411e-07
1378249704,0.875,6.13733333333e-07,8.56391395463e-08
1378249705,0.875,6.1925e-07,9.2967848385e-08
1378249706,0.875,6.19066666667e-07,9.68157815418e-08
1378249707,0.875,6.27166666667e-07,9.53361013584e-08
1378249708,0.875,6.21616666667e-07,9.28527672656e-08
1378249709,0.875,6.2855e-07,9.4799687939e-08
1378249710,0.875,6.26433333333e-07,9.44331097774e-08
1378249711,0.875,6.23683333333e-07,9.41046388631e-08
1378249712,0.875,6.26833333333e-07,9.28770094743e-08
1378249713,0.875,6.22683333333e-07,9.90398054095e-08
1378249714,0.875,6.22083333333e-07,9.64610960727e-08
1378249715,0.875,6.27283333333e-07,9.95893387311e-08
1378249716,0.875,6.28216666667e-07,9.83051527416e-08
1378249717,0.875,6.288e-07,9.34775908975e-08
1378249718,0.875,6.3195e-07,9.24749380463e-08
1378249719,0.875,6.22533333333e-07,1.00138648328e-07
1378249720,0.875,6.25633333333e-07,9.84814646971e-08
1378249721,0.875,6.31466666667e-07,9.44140643949e-08
1378249722,0.875,6.25483333333e-07,9.86847660764e-08
1378249723,0.875,6.269e-07,9.04897231734e-08
1378249724,0.875,6.28316666667e-07,9.7752662652e-08
1378249725,0.875,6.31016666667e-07,9.35452638507e-08
1378249726,0.875,6.26716666667e-07,1.02148436383e-07
1378249727,0.875,6.31016666667e-07,1.00051901809e-07
1378249728,0.875,6.3045e-07,9.32007555406e-08
1378249729,0.875,6.31916666667e-07,9.35623306797e-08
1378249730,0.875,6.27366666667e-07,9.63400170692e-08
1378249731,0.875,6.40416666667e-07,1.00816217556e-07
1378249732,0.875,6.39133333333e-07,9.40119614139e-08
1378249733,0.875,6.3275e-07,9.27776239187e-08
1378249734,0.875,6.27233333333e-07,9.12597696444e-08
1378249735,0.875,6.31066666667e-07,9.69339752386e-08
1378249736,0.875,6.28433333333e-07,9.35051454318e-08
1378249737,0.875,6.31483333333e-07,1.01132996868e-07
1378249738,0.825,-2.62461666667e-06,6.11763518899e-07
1378249739,0.825,-1.88621666667e-06,1.6791298259e-07
1378249740,0.825,-1.42121666667e-06,1.31886073521e-07
1378249741,0.825,-1.07373333333e-06,1.15914748367e-07
1378249742,0.825,-8.34516666667e-07,1.02780590202e-07
1378249743,0.825,-6.6275e-07,1.07241258385e-07
1378249744,0.825,-5.348e-07,1.01735572278e-07
1378249745,0.825,-4.369e-07,9.9991949676e-08
1378249746,0.825,-3.57966666667e-07,9.17779869516e-08
1378249747,0.825,-2.8745e-07,9.52404719644e-08
1378249748,0.825,-2.36383333333e-07,9.15159533755e-08
1378249749,0.825,-1.92933333333e-07,9.41650796326e-08
1378249750,0.825,-1.5775e-07,9.29391602071e-08
1378249751,0.825,-1.21333333333e-07,9.84330003381e-08
1378249752,0.825,-9.32166666667e-08,9.31633138932e-08
1378249753,0.825,-6.905e-08,9.06394735569e-08
1378249754,0.825,-5.08333333333e-08,9.06659007321e-08
1378249755,0.825,-3.21333333333e-08,9.14910681737e-08
1378249756,0.825,-1.96e-08,9.28529662064e-08
1378249757,0.825,3.83333333333e-10,9.30157856973e-08
1378249758,0.825,1.04833333333e-08,9.42179196803e-08
1378249759,0.825,1.94333333333e-08,9.55458644957e-08
1378249760,0.825,3.49666666667e-08,9.51183414957e-08
1378249761,0.825,4.08166666667e-08,9.43234667985e-08
1378249762,0.825,4.98333333333e-08,9.43811716157e-08
1378249763,0.825,5.76e-08,9.76784179506e-08
1378249764,0.825,6.93666666667e-08,9.16356856737e-08
1378249765,0.825,6.71833333333e-08,9.62158149971e-08
1378249766,0.825,7.665e-08,9.48983359531e-08
1378249767,0.825,8.12166666667e-08,9.34956490372e-08
1378249768,0.825,9.00666666667e-08,8.69788991014e-08
1378249769,0.825,8.61e-08,9.75078971161e-08
1378249770,0.825,9.465e-08,8.97670735849e-08
1378249771,0.825,1.016e-07,9.6948990024e-08
1378249772,0.825,1.01783333333e-07,8.89985190264e-08
1378249773,0.825,1.046e-07,9.99158312448e-08
1378249774,0.825,1.11683333333e-07,9.722268111e-08
1378249775,0.825,1.10633333333e-07,9.30462191004e-08
1378249776,0.825,1.159e-07,9.14860098594e-08
1378249777,0.825,1.161e-07,9.34092607829e-08
1378249778,0.825,1.19083333333e-07,9.34464716057e-08
1378249779,0.825,1.18233333333e-07,9.46108462187e-08
1378249780,0.825,1.30933333333e-07,9.77639788243e-08
1378249781,0.825,1.33216666667e-07,9.41261727092e-08
1378249782,0.825,1.306e-07,9.65702162505e-08
1378249783,0.825,1.29433333333e-07,9.65497051034e-08
1378249784,0.825,1.25166666667e-07,9.41398191817e-08
1378249785,0.825,1.3745e-07,9.46867510971e-08
1378249786,0.825,1.36816666667e-07,9.33387185946e-08
1378249787,0.825,1.40966666667e-07,9.2757203973e-08
1378249788,0.825,1.40483333333e-07,9.78962872409e-08
1378249789,0.825,1.48466666667e-07,9.16714180587e-08
1378249790,0.825,1.431e-07,9.80657432542e-08
1378249791,0.825,1.53483333333e-07,9.66261682407e-08
1378249792,0.825,1.5495e-07,9.4981125318e-08
1378249793,0.825,1.49016666667e-07,9.99639087649e-08
1378249794,0.825,1.5065e-07,9.93453278552e-08
1378249795,0.825,1.51933333333e-07,9.09648039384e-08
1378249796,0.825,1.56866666667e-07,9.87446988732e-08
1378249797,0.825,1.515e-07,9.39720703188e-08
1378249798,0.825,1.54916666667e-07,9.41961237112e-08
1378249799,0.825,1.53983333333e-07,1.06187176198e-07
1378249800,0.825,1.578e-07,8.80397258817e-08
1378249801,0.825,1.59266666667e-07,9.24642032837e-08
1378249802,0.825,1.61983333333e-07,9.34646977325e-08
1378249803,0.775,-2.94478333333e-06,8.24193870633e-07
1378249804,0.775,-1.8191e-06,1.7048418304e-07
1378249805,0.775,-1.38548333333e-06,1.27898461245e-07
1378249806,0.775,-1.10655e-06,1.03114083261e-07
1378249807,0.775,-9.1925e-07,9.9389909783e-08
1378249808,0.775,-7.78566666667e-07,1.01087151618e-07
1378249809,0.775,-6.7065e-07,8.91113208296e-08
1378249810,0.775,-5.91866666667e-07,9.61934624713e-08
1378249811,0.775,-5.18983333333e-07,9.74955540297e-08
1378249812,0.775,-4.595e-07,9.21769132339e-08
1378249813,0.775,-4.09433333333e-07,9.53301922559e-08
1378249814,0.775,-3.74983333333e-07,9.63029060944e-08
1378249815,0.775,-3.42183333333e-07,8.85201467966e-08
1378249816,0.775,-3.1515e-07,8.87866027807e-08
1378249817,0.775,-2.851e-07,9.59591406103e-08
1378249818,0.775,-2.61133333333e-07,9.01399775658e-08
1378249819,0.775,-2.4295e-07,9.26968940508e-08
1378249820,0.775,-2.2335e-07,9.10550794849e-08
1378249821,0.775,-2.0735e-07,9.3873465367e-08
1378249822,0.775,-1.956e-07,9.4367049334e-08
1378249823,0.775,-1.7885e-07,8.91754497232e-08
1378249824,0.775,-1.69066666667e-07,9.24957416437e-08
1378249825,0.775,-1.61133333333e-07,8.80230020443e-08
1378249826,0.775,-1.46616666667e-07,9.35038487027e-08
1378249827,0.775,-1.40016666667e-07,9.09748118376e-08
1378249828,0.775,-1.27666666667e-07,9.46980581756e-08
1378249829,0.775,-1.20916666667e-07,9.32777736417e-08
1378249830,0.775,-1.176e-07,9.30174177238e-08
1378249831,0.775,-1.088e-07,8.98066070324e-08
1378249832,0.775,-1.0055e-07,9.09804786754e-08
1378249833,0.775,-9.36e-08,8.86662656633e-08
1378249834,0.775,-9.61333333333e-08,1.0004023635e-07
1378249835,0.775,-8.77833333333e-08,9.45101567146e-08
1378249836,0.775,-7.95666666667e-08,9.52101826954e-08
1378249837,0.775,-7.57e-08,9.64400158993e-08
1378249838,0.775,-6.91166666667e-08,9.29559199597e-08
1378249839,0.775,-6.62333333333e-08,9.59964177572e-08
1378249840,0.775,-6.12833333333e-08,9.45662187159e-08
1378249841,0.775,-5.64666666667e-08,9.19520648067e-08
1378249842,0.775,-4.51833333333e-08,9.58447514937e-08
1378249843,0.775,-4.79e-08,9.11880291851e-08
1378249844,0.775,-5.145e-08,9.51042279116e-08
1378249845,0.775,-4.15e-08,8.96804512329e-08
1378249846,0.775,-4.10166666667e-08,9.30960958126e-08
1378249847,0.775,-3.75666666667e-08,9.52010795924e-08
1378249848,0.775,-3.92166666667e-08,8.93735776888e-08
1378249849,0.775,-3.845e-08,9.34532726375e-08
1378249850,0.775,-3.03666666667e-08,9.47727046968e-08
1378249851,0.775,-3.05e-08,8.85131816925e-08
1378249852,0.775,-3.54333333333e-08,8.61073683774e-08
1378249853,0.775,-3.285e-08,9.50085654033e-08
1378249854,0.775,-2.50833333333e-08,8.35278978679e-08
1378249855,0.775,-2.53833333333e-08,8.88224993394e-08
1378249856,0.775,-1.93666666667e-08,9.09941329e-08
1378249857,0.775,-1.70333333333e-08,9.18351723954e-08
1378249858,0.775,-1.875e-08,9.50877883853e-08
1378249859,0.775,-1.34666666667e-08,9.18657474555e-08
1378249860,0.775,-1.045e-08,9.17326595784e-08
1378249861,0.775,-1.10833333333e-08,8.79824398515e-08
1378249862,0.775,-1.53833333333e-08,9.2523527038e-08
1378249863,0.775,-8.61666666667e-09,9.37763459277e-08
1378249864,0.775,-1.00333333333e-08,9.658415444e-08
1378249865,0.775,-2.83333333333e-09,9.7308644129e-08
1378249866,0.775,-6.1e-09,9.13598562462e-08
1378249867,0.775,-5.81666666667e-09,8.39895810337e-08
1378249868,0.725,-2.81258333333e-06,7.86788457204e-07
1378249869,0.725,-1.75383333333e-06,1.71428718585e-07
1378249870,0.725,-1.33678333333e-06,1.14517406489e-07
1378249871,0.725,-1.10396666667e-06,1.05863586227e-07
1378249872,0.725,-9.47283333333e-07,9.53102113569e-08
1378249873,0.725,-8.19383333333e-07,8.81307913779e-08
1378249874,0.725,-7.22483333333e-07,9.85245302225e-08
1378249875,0.725,-6.50633333333e-07,9.8563510264e-08
1378249876,0.725,-5.8945e-07,1.02619592834e-07
1378249877,0.725,-5.35433333333e-07,9.28617909704e-08
1378249878,0.725,-4.95516666667e-07,9.02283199568e-08
1378249879,0.725,-4.553e-07,1.00012049274e-07
1378249880,0.725,-4.30216666667e-07,9.25159610854e-08
1378249881,0.725,-3.9545e-07,9.08811357397e-08
1378249882,0.725,-3.76916666667e-07,9.38398088352e-08
1378249883,0.725,-3.49666666667e-07,9.06488953172e-08
1378249884,0.725,-3.30033333333e-07,9.78706572756e-08
1378249885,0.725,-3.15e-07,9.17551088496e-08
1378249886,0.725,-2.9745e-07,9.0433663533e-08
1378249887,0.725,-2.886e-07,9.02997231446e-08
1378249888,0.725,-2.72116666667e-07,9.20557967877e-08
1378249889,0.725,-2.5915e-07,9.87109965168e-08
1378249890,0.725,-2.53233333333e-07,9.00104376664e-08
1378249891,0.725,-2.37833333333e-07,1.00164725439e-07
1378249892,0.725,-2.26683333333e-07,8.35229492748e-08
1378249893,0.725,-2.15583333333e-07,9.41005298722e-08
1378249894,0.725,-2.083e-07,9.14454846707e-08
1378249895,0.725,-2.00416666667e-07,9.17863990772e-08
1378249896,0.725,-1.9325e-07,8.82337095446e-08
1378249897,0.725,-1.87133333333e-07,8.61923172653e-08
1378249898,0.725,-1.795e-07,9.87222534859e-08
1378249899,0.725,-1.80266666667e-07,9.36639145503e-08
1378249900,0.725,-1.70333333333e-07,8.91546720904e-08
1378249901,0.725,-1.6655e-07,8.92618666247e-08
1378249902,0.725,-1.63133333333e-07,8.92637415503e-08
1378249903,0.725,-1.5635e-07,9.00468072727e-08
1378249904,0.725,-1.5285e-07,9.38285359934e-08
1378249905,0.725,-1.49733333333e-07,9.49329353924e-08
1378249906,0.725,-1.40666666667e-07,9.77959894656e-08
1378249907,0.725,-1.36016666667e-07,9.22932810243e-08
1378249908,0.725,-1.31883333333e-07,9.0439867991e-08
1378249909,0.725,-1.35516666667e-07,9.81367229374e-08
1378249910,0.725,-1.276e-07,9.15709560942e-08
1378249911,0.725,-1.25933333333e-07,9.13972768863e-08
1378249912,0.725,-1.221e-07,9.00763935039e-08
1378249913,0.725,-1.171e-07,9.09711859144e-08
1378249914,0.725,-1.12983333333e-07,9.19656623722e-08
1378249915,0.725,-1.10016666667e-07,8.55779355649e-08
1378249916,0.725,-1.08416666667e-07,9.26251030889e-08
1378249917,0.725,-1.08733333333e-07,9.46135766626e-08
1378249918,0.725,-1.03466666667e-07,9.23849675122e-08
1378249919,0.725,-1.021e-07,8.89696015502e-08
1378249920,0.725,-1.00766666667e-07,8.85150395256e-08
1378249921,0.725,-9.47666666667e-08,9.05277796529e-08
1378249922,0.725,-9.71833333333e-08,8.9744914743e-08
1378249923,0.725,-9.195e-08,8.73123559412e-08
1378249924,0.725,-9.57666666667e-08,9.78199650151e-08
1378249925,0.725,-8.495e-08,9.58344797033e-08
1378249926,0.725,-8.17666666667e-08,9.59846110351e-08
1378249927,0.725,-8.62e-08,9.10662396281e-08
1378249928,0.725,-8.135e-08,9.02907941044e-08
1378249929,0.725,-8.14166666667e-08,9.43084110188e-08
1378249930,0.725,-8.13e-08,9.12595748401e-08
1378249931,0.725,-7.76333333333e-08,8.4718547097e-08
1378249932,0.725,-7.95333333333e-08,9.16366860063e-08
1378249933,0.675,-2.5633e-06,6.19004396861e-07
1378249934,0.675,-1.67423333333e-06,1.49070717745e-07
1378249935,0.675,-1.32781666667e-06,1.144551574e-07
1378249936,0.675,-1.10883333333e-06,1.0251002661e-07
1378249937,0.675,-9.66083333333e-07,9.54641803098e-08
1378249938,0.675,-8.465e-07,9.09454964984e-08
1378249939,0.675,-7.67416666667e-07,9.64006036749e-08
1378249940,0.675,-6.95583333333e-07,9.41580748293e-08
1378249941,0.675,-6.407e-07,9.15351116603e-08
1378249942,0.675,-5.91216666667e-07,9.22673816808e-08
1378249943,0.675,-5.507e-07,9.29552401248e-08
1378249944,0.675,-5.169e-07,9.31471416631e-08
1378249945,0.675,-4.8765e-07,8.90761518777e-08
1378249946,0.675,-4.6085e-07,9.34658270885e-08
1378249947,0.675,-4.41366666667e-07,9.61949351866e-08
1378249948,0.675,-4.1515e-07,9.41066460636e-08
1378249949,0.675,-3.9685e-07,9.23525536554e-08
1378249950,0.675,-3.77983333333e-07,8.80786564511e-08
1378249951,0.675,-3.59716666667e-07,9.16269777716e-08
1378249952,0.675,-3.44366666667e-07,9.23395846259e-08
1378249953,0.675,-3.33183333333e-07,9.31814523151e-08
1378249954,0.675,-3.247e-07,9.04640444228e-08
1378249955,0.675,-3.06083333333e-07,9.21434193105e-08
1378249956,0.675,-3.00566666667e-07,9.0385354025e-08
1378249957,0.675,-2.9245e-07,9.3894874727e-08
1378249958,0.675,-2.7625e-07,8.87281663284e-08
1378249959,0.675,-2.71683333333e-07,9.32929957476e-08
1378249960,0.675,-2.6145e-07,8.86546530082e-08
1378249961,0.675,-2.61283333333e-07,9.22917641083e-08
1378249962,0.675,-2.43966666667e-07,9.47273221175e-08
1378249963,0.675,-2.4375e-07,9.26580856339e-08
1378249964,0.675,-2.31866666667e-07,9.26022797896e-08
1378249965,0.675,-2.304e-07,8.83940420315e-08
1378249966,0.675,-2.20933333333e-07,8.83079586196e-08
1378249967,0.675,-2.23083333333e-07,9.53453882238e-08
1378249968,0.675,-2.12566666667e-07,9.34562940036e-08
1378249969,0.675,-2.074e-07,8.87960584711e-08
1378249970,0.675,-2.02116666667e-07,9.45512368448e-08
1378249971,0.675,-2.02166666667e-07,9.14210345356e-08
1378249972,0.675,-1.91316666667e-07,8.74472205898e-08
1378249973,0.675,-1.89966666667e-07,9.04276813567e-08
1378249974,0.675,-1.86116666667e-07,9.30886838212e-08
1378249975,0.675,-1.84066666667e-07,9.41158624014e-08
1378249976,0.675,-1.79916666667e-07,8.95641839998e-08
1378249977,0.675,-1.76166666667e-07,9.01469479363e-08
1378249978,0.675,-1.72816666667e-07,8.49263389977e-08
1378249979,0.675,-1.67466666667e-07,9.63202067181e-08
1378249980,0.675,-1.621e-07,8.83351006113e-08
1378249981,0.675,-1.59566666667e-07,8.6689939183e-08
1378249982,0.675,-1.609e-07,8.53201226753e-08
1378249983,0.675,-1.53116666667e-07,9.42003346892e-08
1378249984,0.675,-1.54416666667e-07,9.432254797e-08
1378249985,0.675,-1.539e-07,8.46844535122e-08
1378249986,0.675,-1.46283333333e-07,9.46129116747e-08
1378249987,0.675,-1.45116666667e-07,9.75059129261e-08
1378249988,0.675,-1.433e-07,8.9718689989e-08
1378249989,0.675,-1.4715e-07,9.51251500218e-08
1378249990,0.675,-1.37133333333e-07,9.1371670786e-08
1378249991,0.675,-1.345e-07,8.58103529107e-08
1378249992,0.675,-1.31233333333e-07,9.61161392391e-08
1378249993,0.675,-1.3045e-07,9.5280537537e-08
1378249994,0.675,-1.27266666667e-07,9.13903471684e-08
1378249995,0.675,-1.29966666667e-07,9.24211315423e-08
1378249996,0.675,-1.23633333333e-07,9.50831156877e-08
1378249997,0.675,-1.25616666667e-07,9.12799889838e-08
1378249998,0.625,-2.46346666667e-06,5.73176077271e-07
1378249999,0.625,-1.68626666667e-06,1.44483201638e-07
1378250000,0.625,-1.3519e-06,1.16886939675e-07
1378250001,0.625,-1.15256666667e-06,9.84178789087e-08
1378250002,0.625,-1.01233333333e-06,9.77593416963e-08
1378250003,0.625,-9.09166666667e-07,9.67986168404e-08
1378250004,0.625,-8.278e-07,9.55291927458e-08
1378250005,0.625,-7.55966666667e-07,9.52500160397e-08
1378250006,0.625,-7.09716666667e-07,9.79991652459e-08
1378250007,0.625,-6.50283333333e-07,8.78274998063e-08
1378250008,0.625,-6.15116666667e-07,9.21560436916e-08
1378250009,0.625,-5.8235e-07,9.45351477847e-08
1378250010,0.625,-5.49766666667e-07,9.81288891657e-08
1378250011,0.625,-5.27316666667e-07,9.20871854398e-08
1378250012,0.625,-5.00083333333e-07,9.67337052026e-08
1378250013,0.625,-4.76016666667e-07,9.20763255252e-08
1378250014,0.625,-4.5675e-07,9.34595500738e-08
1378250015,0.625,-4.41166666667e-07,9.33316964142e-08
1378250016,0.625,-4.17966666667e-07,9.56392469416e-08
1378250017,0.625,-4.09133333333e-07,9.25162087901e-08
1378250018,0.625,-3.94e-07,9.31611507014e-08
1378250019,0.625,-3.79866666667e-07,9.14393180688e-08
1378250020,0.625,-3.66383333333e-07,8.8855705438e-08
1378250021,0.625,-3.53616666667e-07,9.32782739382e-08
1378250022,0.625,-3.50066666667e-07,9.13263135989e-08
1378250023,0.625,-3.31883333333e-07,9.27157109424e-08
1378250024,0.625,-3.28316666667e-07,8.8976118831e-08
1378250025,0.625,-3.19333333333e-07,9.52315890635e-08
1378250026,0.625,-3.034e-07,9.41732800038e-08
1378250027,0.625,-3.00466666667e-07,9.14190838331e-08
1378250028,0.625,-2.89916666667e-07,9.39933138875e-08
1378250029,0.625,-2.85083333333e-07,9.64127051909e-08
1378250030,0.625,-2.784e-07,9.34715999649e-08
1378250031,0.625,-2.69366666667e-07,8.89696515048e-08
1378250032,0.625,-2.628e-07,8.91038345602e-08
1378250033,0.625,-2.605e-07,9.42598359147e-08
1378250034,0.625,-2.5275e-07,9.34747069176e-08
1378250035,0.625,-2.55533333333e-07,9.75579258128e-08
1378250036,0.625,-2.4675e-07,9.10239208487e-08
1378250037,0.625,-2.45016666667e-07,9.35935346176e-08
1378250038,0.625,-2.327e-07,9.29697621093e-08
1378250039,0.625,-2.32366666667e-07,9.1731849552e-08
1378250040,0.625,-2.25466666667e-07,9.60075459997e-08
1378250041,0.625,-2.21333333333e-07,9.40127059971e-08
1378250042,0.625,-2.16083333333e-07,9.34972890278e-08
1378250043,0.625,-2.14266666667e-07,9.29989008298e-08
1378250044,0.625,-2.1605e-07,9.50577762907e-08
1378250045,0.625,-2.06583333333e-07,9.26889586496e-08
1378250046,0.625,-2.08233333333e-07,8.48010154551e-08
1378250047,0.625,-2.02166666667e-07,9.35127739343e-08
1378250048,0.625,-1.96833333333e-07,9.58478249913e-08
1378250049,0.625,-1.95833333333e-07,9.51094398867e-08
1378250050,0.625,-1.94e-07,9.29731143934e-08
1378250051,0.625,-1.86866666667e-07,8.81221626809e-08
1378250052,0.625,-1.88083333333e-07,9.12939011593e-08
1378250053,0.625,-1.82466666667e-07,9.15218492432e-08
1378250054,0.625,-1.80733333333e-07,8.99896043379e-08
1378250055,0.625,-1.76983333333e-07,8.65129068726e-08
1378250056,0.625,-1.7625e-07,9.03494373714e-08
1378250057,0.625,-1.793e-07,8.84430702015e-08
1378250058,0.625,-1.76183333333e-07,9.1395749658e-08
1378250059,0.625,-1.71316666667e-07,8.96735731541e-08
1378250060,0.625,-1.669e-07,8.77490170885e-08
1378250061,0.625,-1.64966666667e-07,9.11034149866e-08
1378250062,0.625,-1.644e-07,9.10529516271e-08
1378250063,0.575,-2.54875e-06,6.11034931489e-07
1378250064,0.575,-1.72131666667e-06,1.39410723125e-07
1378250065,0.575,-1.38173333333e-06,1.14959393797e-07
1378250066,0.575,-1.18905e-06,1.01853722727e-07
1378250067,0.575,-1.05143333333e-06,9.14509643956e-08
1378250068,0.575,-9.4375e-07,9.6379566472e-08
1378250069,0.575,-8.68916666667e-07,9.7696347879e-08
1378250070,0.575,-7.98883333333e-07,9.2970441838e-08
1378250071,0.575,-7.4495e-07,9.2709658792e-08
1378250072,0.575,-6.95533333333e-07,9.64704560417e-08
1378250073,0.575,-6.51516666667e-07,9.28750938387e-08
1378250074,0.575,-6.14916666667e-07,9.29600795443e-08
1378250075,0.575,-5.93216666667e-07,8.99290630936e-08
1378250076,0.575,-5.56883333333e-07,9.02350803303e-08
1378250077,0.575,-5.38333333333e-07,9.30298637834e-08
1378250078,0.575,-5.16033333333e-07,9.44727415125e-08
1378250079,0.575,-4.907e-07,9.23652712513e-08
1378250080,0.575,-4.76833333333e-07,8.69730162496e-08
1378250081,0.575,-4.602e-07,8.77275707327e-08
1378250082,0.575,-4.405e-07,8.90949867651e-08
1378250083,0.575,-4.29416666667e-07,9.29511146906e-08
1378250084,0.575,-4.20966666667e-07,8.93452044351e-08
1378250085,0.575,-4.02266666667e-07,9.64824451505e-08
1378250086,0.575,-3.91233333333e-07,9.44659315427e-08
1378250087,0.575,-3.81783333333e-07,8.85996786425e-08
1378250088,0.575,-3.74116666667e-07,9.06962130166e-08
1378250089,0.575,-3.61966666667e-07,9.04284185911e-08
1378250090,0.575,-3.5605e-07,9.49384756917e-08
1378250091,0.575,-3.46883333333e-07,9.55198219685e-08
1378250092,0.575,-3.38833333333e-07,9.08339449521e-08
1378250093,0.575,-3.26516666667e-07,9.13324498132e-08
1378250094,0.575,-3.198e-07,9.00266256911e-08
1378250095,0.575,-3.0955e-07,9.25493426953e-08
1378250096,0.575,-3.11533333333e-07,9.10136375618e-08
1378250097,0.575,-3.067e-07,9.2517259651e-08
1378250098,0.575,-2.95e-07,9.10045786394e-08
1378250099,0.575,-2.91716666667e-07,8.61556907903e-08
1378250100,0.575,-2.87666666667e-07,8.46476356564e-08
1378250101,0.575,-2.7895e-07,9.37540088032e-08
1378250102,0.575,-2.74666666667e-07,9.46012097644e-08
1378250103,0.575,-2.6795e-07,9.15862844535e-08
1378250104,0.575,-2.66683333333e-07,8.91950095141e-08
1378250105,0.575,-2.6085e-07,9.66748545383e-08
1378250106,0.575,-2.54083333333e-07,9.06554450776e-08
1378250107,0.575,-2.5155e-07,8.91394833954e-08
1378250108,0.575,-2.51383333333e-07,9.11985182019e-08
1378250109,0.575,-2.46466666667e-07,9.27542391963e-08
1378250110,0.575,-2.41683333333e-07,8.52667367083e-08
1378250111,0.575,-2.37283333333e-07,9.32024841705e-08
1378250112,0.575,-2.30783333333e-07,1.01913213351e-07
1378250113,0.575,-2.315e-07,9.91913134638e-08
1378250114,0.575,-2.28283333333e-07,8.38945949126e-08
1378250115,0.575,-2.239e-07,8.82569544002e-08
1378250116,0.575,-2.1805e-07,9.04144945976e-08
1378250117,0.575,-2.1575e-07,9.61804943843e-08
1378250118,0.575,-2.18766666667e-07,9.59903409493e-08
1378250119,0.575,-2.14266666667e-07,8.86009530924e-08
1378250120,0.575,-2.05916666667e-07,8.93807010614e-08
1378250121,0.575,-2.07833333333e-07,9.08724686336e-08
1378250122,0.575,-2.08016666667e-07,9.3684664641e-08
1378250123,0.575,-2.0395e-07,8.95124618885e-08
1378250124,0.575,-2.00733333333e-07,9.12741048832e-08
1378250125,0.575,-1.97216666667e-07,9.24617203075e-08
1378250126,0.575,-1.9345e-07,8.88970237597e-08
1378250127,0.575,-1.99566666667e-07,8.93223314121e-08
